feature_group,feature_count,accuracy,precision,recall,f1
normalized_plus_ergonomic,45,0.9342403628117913,0.9542635658914729,0.9347000759301443,0.9443805140007672
normalized_all_33_landmarks,99,0.9120181405895692,0.9390148553557467,0.911921032649962,0.9252696456086287
