algorithm,dataset,accuracy,precision,recall,f1,macro_f1,mcc,roc_auc,pr_auc,train_seconds,predict_seconds,note
ANN,posture_external_test_2fps_with_metadata.csv,0.7931644077784326,0.9459876543209876,0.6598493003229279,0.777425491439442,0.7921249636613831,0.6293279769008372,0.9504577614818801,0.9574655388020087,,0.249,"loaded keras model, threshold=0.5"
Rule-based,posture_external_test_2fps_with_metadata.csv,0.567472009428403,0.5851528384279476,0.721205597416577,0.6460945033751205,0.5450169486572572,0.10913256002394559,,,,,interpretable ergonomic baseline
