algorithm,dataset,accuracy,precision,recall,f1
ANN,posture_external_test_2fps.csv,0.7931644077784326,0.9459876543209876,0.6598493003229279,0.777425491439442
Rule-based,posture_external_test_2fps.csv,0.5662934590453742,0.584426946631671,0.7190527448869752,0.6447876447876448
