landmark_0_x,landmark_0_y,landmark_0_z,landmark_1_x,landmark_1_y,landmark_1_z,landmark_2_x,landmark_2_y,landmark_2_z,landmark_3_x,landmark_3_y,landmark_3_z,landmark_4_x,landmark_4_y,landmark_4_z,landmark_5_x,landmark_5_y,landmark_5_z,landmark_6_x,landmark_6_y,landmark_6_z,landmark_7_x,landmark_7_y,landmark_7_z,landmark_8_x,landmark_8_y,landmark_8_z,landmark_9_x,landmark_9_y,landmark_9_z,landmark_10_x,landmark_10_y,landmark_10_z,landmark_11_x,landmark_11_y,landmark_11_z,landmark_12_x,landmark_12_y,landmark_12_z,landmark_13_x,landmark_13_y,landmark_13_z,landmark_14_x,landmark_14_y,landmark_14_z,landmark_15_x,landmark_15_y,landmark_15_z,landmark_16_x,landmark_16_y,landmark_16_z,landmark_17_x,landmark_17_y,landmark_17_z,landmark_18_x,landmark_18_y,landmark_18_z,landmark_19_x,landmark_19_y,landmark_19_z,landmark_20_x,landmark_20_y,landmark_20_z,landmark_21_x,landmark_21_y,landmark_21_z,landmark_22_x,landmark_22_y,landmark_22_z,landmark_23_x,landmark_23_y,landmark_23_z,landmark_24_x,landmark_24_y,landmark_24_z,landmark_25_x,landmark_25_y,landmark_25_z,landmark_26_x,landmark_26_y,landmark_26_z,landmark_27_x,landmark_27_y,landmark_27_z,landmark_28_x,landmark_28_y,landmark_28_z,landmark_29_x,landmark_29_y,landmark_29_z,landmark_30_x,landmark_30_y,landmark_30_z,landmark_31_x,landmark_31_y,landmark_31_z,landmark_32_x,landmark_32_y,landmark_32_z,source_video,frame_index,timestamp_sec,sample_fps,video_fps,participant_id,view_angle,camera_type,label,prob_incorrect,pred_label,error_type
0.4985380470752716,0.1637320667505264,-0.3170512616634369,0.5026930570602417,0.1321190446615219,-0.2852257788181305,0.5055620670318604,0.1321460306644439,-0.2854066789150238,0.5081622004508972,0.1318644136190414,-0.2855855822563171,0.48952117562294,0.1277450323104858,-0.3187856674194336,0.4817673861980438,0.1243701055645942,-0.3188329935073852,0.4723885357379913,0.1201362311840057,-0.3188630938529968,0.4904071986675262,0.1402046233415603,-0.1365873515605926,0.4324893057346344,0.1225350275635719,-0.2938904166221618,0.4947663843631744,0.1979363560676574,-0.2599652409553528,0.4782190024852752,0.194773644208908,-0.3030136227607727,0.4847350716590881,0.3377335965633392,-0.0114162554964423,0.3376539647579193,0.3423054814338684,-0.3587520718574524,0.5162072777748108,0.567632794380188,-0.0403586961328983,0.4005263149738312,0.6257167458534241,-0.4728583693504333,0.5162367820739746,0.6618818044662476,-0.1996837556362152,0.5774103999137878,0.6210053563117981,-0.3518135249614715,0.5087035894393921,0.7027766704559326,-0.2340026944875717,0.6236477494239807,0.6413699388504028,-0.3912937939167022,0.5125268697738647,0.6709284782409668,-0.2432378679513931,0.6278437376022339,0.5802822709083557,-0.3786622881889343,0.5024693012237549,0.6552895307540894,-0.2086336314678192,0.6098838448524475,0.5723147988319397,-0.3444431126117706,0.4642966091632843,0.68430095911026,0.1123496666550636,0.3449563384056091,0.7254342436790466,-0.1121463626623153,0.5929517149925232,0.7410188913345337,-0.0849211663007736,0.4715920686721802,0.8448066711425781,-0.4637927711009979,0.5946679711341858,0.9632543325424194,0.0216571819037199,0.5632147192955017,0.9196083545684814,-0.2050133347511291,0.576504111289978,1.005768895149231,0.0322952046990394,0.5529928207397461,0.9371644854545592,-0.1713936328887939,0.6566477417945862,1.0123497247695925,-0.0293701272457838,0.6533342003822327,0.9260924458503724,-0.2069327682256698,dataset\external_videos\correct\P01_correct_003.mp4,14,0.467228,2.0,29.96394484263949,P01,unknown,external_video,0,0.9989555,1,false_positive
0.5109426975250244,0.1626996099948883,-0.3660810589790344,0.5161654353141785,0.1325358599424362,-0.3239261209964752,0.5188611745834351,0.1336537599563598,-0.3240903615951538,0.5214601755142212,0.1345767974853515,-0.3243371248245239,0.5018326640129089,0.1259522885084152,-0.355517029762268,0.4930366575717926,0.1218144446611404,-0.355497807264328,0.4832958281040191,0.116901971399784,-0.3556039035320282,0.5041462779045105,0.1427066624164581,-0.1353974938392639,0.447869598865509,0.1196681559085846,-0.2785010933876037,0.5047914981842041,0.2018449753522873,-0.2954879403114319,0.4855052828788757,0.1955983638763427,-0.3358338177204132,0.4990470707416534,0.324668288230896,-0.023621778935194,0.353746622800827,0.3363643586635589,-0.3058388531208038,0.6263662576675415,0.3729990124702453,-0.2309252619743347,0.3981855511665344,0.6298061609268188,-0.3382294774055481,0.5686953663825989,0.1537512391805648,-0.5309627056121826,0.5203971266746521,0.700409471988678,-0.3213345408439636,0.5484944581985474,0.0838523432612419,-0.6034613847732544,0.5492125749588013,0.7488260865211487,-0.3550662696361542,0.5384442210197449,0.0774700716137886,-0.5489537119865417,0.5623843669891357,0.7059074640274048,-0.3529003262519836,0.5342601537704468,0.1058745235204696,-0.5206310749053955,0.5534532070159912,0.687914252281189,-0.3167417347431183,0.4862710535526275,0.684752881526947,0.0887666791677475,0.3842680156230926,0.7254136204719543,-0.0886909812688827,0.6047796010971069,0.865444540977478,-0.0041030254215002,0.4901604950428009,0.9562486410140992,-0.3012197911739349,0.5720658898353577,0.9656626582145692,0.3719875514507293,0.5315419435501099,1.039108395576477,0.2154692560434341,0.5532616376876831,1.0207569599151611,0.4147616624832153,0.5103439688682556,1.0233668088912964,0.2647971510887146,0.613307774066925,1.0812269449234009,0.380332201719284,0.5941005945205688,1.148881435394287,0.2201486378908157,dataset\external_videos\correct\P01_correct_003.mp4,28,0.934456,2.0,29.96394484263949,P01,unknown,external_video,0,0.71664625,1,false_positive
0.5013725757598877,0.1626844555139541,-0.3556464314460754,0.5034474730491638,0.1307380050420761,-0.3140786588191986,0.5055514574050903,0.1318696141242981,-0.3142572939395904,0.5072812438011169,0.1330467462539672,-0.3144556581974029,0.4908625781536102,0.1257262229919433,-0.3469632267951965,0.4832099080085754,0.1228766962885856,-0.347026914358139,0.4749660193920135,0.1194172501564025,-0.3471983075141907,0.4852515757083893,0.1406974196434021,-0.1288189589977264,0.4446243941783905,0.126528188586235,-0.2746504545211792,0.4962107837200165,0.2015572041273117,-0.286853939294815,0.4791293740272522,0.1979479491710662,-0.3283531069755554,0.4908648133277893,0.3145241439342499,-0.0106131993234157,0.3492525219917297,0.344193547964096,-0.3055926859378814,0.6115360260009766,0.259965181350708,-0.1878287345170974,0.4082061350345611,0.6502798795700073,-0.3519104123115539,0.5383280515670776,0.0979364216327667,-0.3524619936943054,0.5573471188545227,0.7062208652496338,-0.3398267030715942,0.496923416852951,0.0509343333542346,-0.4054316580295563,0.5991514921188354,0.7458361387252808,-0.3773339092731476,0.4853369295597076,0.0706925839185714,-0.3406296968460083,0.6179069876670837,0.6893215775489807,-0.3722409307956695,0.4906462132930755,0.0959691405296325,-0.3370600640773773,0.5961801409721375,0.6650446057319641,-0.3347316086292267,0.4686403572559356,0.6859975457191467,0.0868979319930076,0.3871411681175232,0.7258486747741699,-0.0866784825921058,0.59064781665802,0.8522652387619019,-0.1398492902517318,0.4992867112159729,0.9485577344894408,-0.4645566344261169,0.58259117603302,1.0551750659942627,0.1560327261686325,0.5195321440696716,1.1593494415283203,-0.0579180270433425,0.5653480291366577,1.0913031101226809,0.1851317137479782,0.4974526762962341,1.1816625595092771,-0.0126996580511331,0.6367126107215881,1.1770193576812744,0.1246621757745742,0.5750712752342224,1.3143216371536257,-0.0856172144412994,dataset\external_videos\correct\P01_correct_003.mp4,42,1.401685,2.0,29.96394484263949,P01,unknown,external_video,0,0.71029997,1,false_positive
0.5564344525337219,0.3793933093547821,-0.4453135430812835,0.5707133412361145,0.3360500335693359,-0.4187655746936798,0.5806455016136169,0.3391935527324676,-0.4186954796314239,0.5904502868652344,0.3423024117946625,-0.4186278283596039,0.5408446192741394,0.3282226920127868,-0.4338433444499969,0.5297605991363525,0.3260475099086761,-0.433774471282959,0.51863694190979,0.3246915936470032,-0.4340531527996063,0.5959312915802002,0.3641065657138824,-0.2375523447990417,0.4965639114379883,0.3418469727039337,-0.2739036977291107,0.5690225958824158,0.4379313886165619,-0.3746842443943023,0.5357789397239685,0.4289202392101288,-0.3905994296073913,0.6535671949386597,0.6373129487037659,-0.1141915991902351,0.407174676656723,0.6109570264816284,-0.2172641307115554,0.673506498336792,0.9318377375602722,-0.0616125091910362,0.3535286486148834,0.904097855091095,-0.1874019354581833,0.6791880130767822,1.1790642738342283,-0.2570817470550537,0.431357741355896,1.1220253705978394,-0.366307646036148,0.6902309060096741,1.252904176712036,-0.312177449464798,0.4442192912101745,1.2009329795837402,-0.4072027802467346,0.6740816831588745,1.236416935920715,-0.3513878583908081,0.4657001793384552,1.1692479848861694,-0.431340605020523,0.6640062928199768,1.2028251886367798,-0.2827571332454681,0.4646303057670593,1.1365180015563965,-0.3748055100440979,0.602192223072052,1.23912250995636,0.0031685649883002,0.4420599043369293,1.2400933504104614,-0.0011755637824535,0.5921691060066223,1.7121282815933228,0.0154110984876751,0.4349250197410583,1.7238785028457642,-0.0193528421223163,0.5946329832077026,2.156008720397949,0.3231693208217621,0.4319576323032379,2.159618616104126,0.168673425912857,0.5943973660469055,2.225132942199707,0.3394403457641601,0.4299522340297699,2.227088212966919,0.1782082170248031,0.5678748488426208,2.30521559715271,0.0757341086864471,0.454083114862442,2.299647808074951,-0.136762797832489,dataset\external_videos\correct\P01_correct_004.mp4,112,3.741577,2.0,29.933901083099457,P01,unknown,external_video,0,0.77411497,1,false_positive
0.5557692050933838,0.3848721385002136,-0.4428224861621856,0.5696974992752075,0.3409921526908874,-0.4167989790439605,0.579399824142456,0.3437589406967163,-0.4167107343673706,0.5890985131263733,0.3466818034648895,-0.4166429936885834,0.5407530665397644,0.3340397179126739,-0.4314814507961273,0.5293072462081909,0.3318910598754883,-0.4314486384391784,0.5179907083511353,0.3302331566810608,-0.4317361116409302,0.5954139828681946,0.3681733906269073,-0.2374953776597976,0.4957496523857116,0.3458365499973297,-0.2725787162780761,0.5679701566696167,0.4428793787956238,-0.3734660446643829,0.5347725749015808,0.4352025091648102,-0.3891698718070984,0.653920590877533,0.6387649178504944,-0.1201610267162323,0.4072648286819458,0.6108411550521851,-0.2181904762983322,0.6727963089942932,0.9312211275100708,-0.0724923834204673,0.3554434776306152,0.9045884609222412,-0.1857316046953201,0.6772094368934631,1.1834241151809692,-0.2691196203231811,0.4339302182197571,1.1321510076522827,-0.3604326248168945,0.68955397605896,1.2591902017593384,-0.3272206485271454,0.4463337063789367,1.2126907110214231,-0.4056324660778045,0.6721528172492981,1.2431437969207764,-0.3668060004711151,0.4675021767616272,1.1813126802444458,-0.4325075149536133,0.6625511050224304,1.2093915939331057,-0.2955443263053894,0.4664956629276275,1.1478681564331057,-0.3706364035606384,0.6025834679603577,1.2334638833999634,0.0010850167600437,0.4418259263038635,1.2348088026046753,0.001007261336781,0.5909332036972046,1.7077507972717283,0.0126018524169921,0.4346539080142975,1.7195590734481812,-0.0161171536892652,0.5930103063583374,2.151839256286621,0.321566641330719,0.4303277432918548,2.1554524898529053,0.1737447381019592,0.5919784307479858,2.220440149307251,0.3376652598381042,0.427295058965683,2.2218170166015625,0.1834935992956161,0.5670979619026184,2.3003346920013428,0.0717608258128166,0.4537678360939026,2.297097682952881,-0.1353125423192978,dataset\external_videos\correct\P01_correct_004.mp4,126,4.209274,2.0,29.933901083099457,P01,unknown,external_video,0,0.8957731,1,false_positive
0.5493982434272766,0.3878442347049713,-0.4493671357631683,0.5657713413238525,0.3426564335823059,-0.4261527061462402,0.5765482783317566,0.3443725109100342,-0.4260744750499725,0.5875803232192993,0.3466129899024963,-0.4260416626930237,0.5352872610092163,0.3386024534702301,-0.4341327846050262,0.5229560136795044,0.3365725576877594,-0.4340395927429199,0.5131561756134033,0.335131824016571,-0.4342997372150421,0.5938107967376709,0.3689033091068268,-0.2506407797336578,0.4947832822799682,0.3498998880386352,-0.2741055190563202,0.5650026202201843,0.4436341822147369,-0.3810164630413055,0.5288800597190857,0.4374370276927948,-0.3895914256572723,0.6547365784645081,0.6399737000465393,-0.13535076379776,0.4070050120353699,0.6108313202857971,-0.2157513201236724,0.6800490021705627,0.9297382831573486,-0.0968672558665275,0.3570003807544708,0.9068505764007568,-0.1926232874393463,0.6804643273353577,1.1885392665863037,-0.2881791889667511,0.4266688525676727,1.1350992918014526,-0.3888929486274719,0.6938682198524475,1.2664259672164917,-0.3471911251544952,0.4350781738758087,1.213898539543152,-0.4433957934379577,0.674098789691925,1.2505607604980469,-0.3853189051151275,0.4556865096092224,1.1837087869644165,-0.4770246744155884,0.6639102697372437,1.215986728668213,-0.3138599693775177,0.4569345116615295,1.1512821912765503,-0.4062862992286682,0.6011995077133179,1.2371983528137207,-0.0031349421478807,0.4398082196712494,1.2361236810684204,0.0052627832628786,0.5908260941505432,1.7140077352523804,0.0125365229323506,0.4324442148208618,1.7242748737335205,-0.0025490361731499,0.5876999497413635,2.158783197402954,0.3244334757328033,0.425731360912323,2.16283655166626,0.195329338312149,0.5886341333389282,2.227902889251709,0.3407636880874634,0.422628253698349,2.2307586669921875,0.2060680240392685,0.5583069920539856,2.309212446212769,0.0720058381557464,0.4474005401134491,2.30588173866272,-0.1276474148035049,dataset\external_videos\correct\P01_correct_004.mp4,140,4.676971,2.0,29.933901083099457,P01,unknown,external_video,0,0.82174814,1,false_positive
0.5465843677520752,0.3885770440101623,-0.4615356624126434,0.5640565752983093,0.3429998755455017,-0.4373742043972015,0.5754638314247131,0.3443617820739746,-0.4373076260089874,0.5873308181762695,0.3464033007621765,-0.4372874796390533,0.532553493976593,0.3397905528545379,-0.4426401853561401,0.5197426676750183,0.3378000259399414,-0.4424925446510315,0.5102735757827759,0.3365094065666199,-0.4427513778209686,0.5938138961791992,0.3692460656166076,-0.2550974786281585,0.493865817785263,0.3511611521244049,-0.2757544815540313,0.563917875289917,0.4430476725101471,-0.3907493650913238,0.5260801315307617,0.4375694692134857,-0.3959206640720367,0.656672477722168,0.6399405002593994,-0.138510599732399,0.406743049621582,0.6105520725250244,-0.212393507361412,0.6823036074638367,0.929114580154419,-0.1109719052910804,0.3577909469604492,0.904660165309906,-0.193980798125267,0.6789673566818237,1.1947472095489502,-0.3063008189201355,0.4214881062507629,1.1295639276504517,-0.4483924210071563,0.6928654909133911,1.2755258083343506,-0.3659945726394653,0.4279580116271972,1.207827091217041,-0.5116504430770874,0.6721502542495728,1.2586201429367063,-0.4050740599632263,0.4487247765064239,1.1786625385284424,-0.5429266095161438,0.6630228757858276,1.2222410440444946,-0.3322342336177826,0.450694739818573,1.1462020874023438,-0.4672585427761078,0.6002733111381531,1.2391157150268557,-0.0043624998070299,0.4376758635044098,1.2367181777954102,0.0065690977498888,0.5900080800056458,1.71549391746521,0.0097826924175024,0.4311756491661072,1.7235506772994995,-0.0029787654057145,0.5871053338050842,2.161879301071167,0.3201627433300018,0.4240368902683258,2.163506031036377,0.190887838602066,0.5880081653594971,2.2317569255828857,0.3356476128101349,0.4208232760429382,2.233240365982056,0.2004973888397216,0.5564173460006714,2.3133749961853027,0.0552102290093898,0.4456739127635956,2.30507230758667,-0.127348393201828,dataset\external_videos\correct\P01_correct_004.mp4,154,5.144669,2.0,29.933901083099457,P01,unknown,external_video,0,0.6642997,1,false_positive
0.5447405576705933,0.3871152997016907,-0.4596886336803436,0.5624210834503174,0.3417426943778991,-0.4350807070732116,0.5741793513298035,0.3431116044521332,-0.4350026547908783,0.5864341855049133,0.3452507853507995,-0.434976577758789,0.5308170318603516,0.3385886549949646,-0.4409059584140777,0.5179584622383118,0.3368309736251831,-0.4407663345336914,0.5086743831634521,0.3358135819435119,-0.4410284459590912,0.5932384729385376,0.3686731159687042,-0.2524637579917907,0.4933606088161468,0.3511518239974975,-0.2719372510910034,0.5628466010093689,0.4416159391403198,-0.3890344500541687,0.5242125988006592,0.4359714984893799,-0.3948390781879425,0.6567755341529846,0.6416543126106262,-0.1368237882852554,0.4065573811531067,0.6127246022224426,-0.2114888876676559,0.6845590472221375,0.9310752749443054,-0.1105102524161338,0.3584875166416168,0.909368097782135,-0.1986947804689407,0.6813192963600159,1.2088046073913574,-0.3059602975845337,0.4234731495380401,1.1321951150894165,-0.4300306737422943,0.6958352327346802,1.2909770011901855,-0.365644097328186,0.4303317964076996,1.2103848457336426,-0.4901950657367706,0.6734002232551575,1.2751599550247192,-0.4028474688529968,0.4511460959911346,1.1812595129013062,-0.5217625498771667,0.6638540029525757,1.238216996192932,-0.3312795758247375,0.4526777267456054,1.1493146419525146,-0.4482187032699585,0.6034078001976013,1.245616793632507,-0.0057114982046186,0.4377937912940979,1.2439533472061155,0.0079203974455595,0.5912610292434692,1.7278473377227783,0.0147859454154968,0.4314485490322113,1.7377606630325315,-0.0025196089409291,0.5867634415626526,2.176492691040039,0.3263700902462005,0.4250847697257995,2.180037021636963,0.1916255056858062,0.5881689190864563,2.246967315673828,0.3420692086219787,0.4215478897094726,2.249537944793701,0.2011007815599441,0.557287871837616,2.3287112712860107,0.0650445744395256,0.4477749168872833,2.324392795562744,-0.1198444589972496,dataset\external_videos\correct\P01_correct_004.mp4,168,5.612366,2.0,29.933901083099457,P01,unknown,external_video,0,0.6763271,1,false_positive
0.5441811680793762,0.3860003650188446,-0.4566841125488281,0.5615456104278564,0.3403235971927643,-0.4317933022975921,0.5734487175941467,0.3415916264057159,-0.4317378997802734,0.5857475399971008,0.3436637818813324,-0.4317115545272827,0.5300753712654114,0.3375072479248047,-0.4392809271812439,0.5172215700149536,0.3360021412372589,-0.4390314817428589,0.5078575015068054,0.3352457284927368,-0.4392534792423248,0.59263676404953,0.3669137358665466,-0.249357134103775,0.4929313659667969,0.3508439362049103,-0.2668028175830841,0.5624420642852783,0.4405454993247986,-0.3857227563858032,0.5236891508102417,0.4348330497741699,-0.3934135437011719,0.6552035212516785,0.6384283304214478,-0.1346721798181533,0.4063768684864044,0.612948477268219,-0.2118563205003738,0.6831952333450317,0.9318060278892516,-0.1013039872050285,0.3586669564247131,0.9139333367347716,-0.1779325753450393,0.6808117628097534,1.2101938724517822,-0.2960670292377472,0.4237272143363952,1.1456708908081057,-0.3668089807033539,0.6956230401992798,1.2881487607955933,-0.3545905947685241,0.4304211735725403,1.2253625392913818,-0.4216560423374176,0.6737412810325623,1.2712767124176023,-0.3910897374153137,0.4508942663669586,1.194933533668518,-0.4612444639205932,0.6636540293693542,1.2372567653656006,-0.321107417345047,0.4527471363544464,1.1632424592971802,-0.3878287374973297,0.6049555540084839,1.2422373294830322,-0.0053521310910582,0.4377865493297577,1.2423276901245115,0.0075979107059538,0.5919910073280334,1.7256885766983032,0.0121476501226425,0.4316458404064178,1.7361785173416138,-0.0072236461564898,0.5878483653068542,2.173840284347534,0.323974609375,0.4256364703178406,2.1759769916534424,0.1854610294103622,0.5901324152946472,2.2429308891296387,0.3391243517398834,0.4218393564224243,2.2431437969207764,0.1955319046974182,0.5579491853713989,2.325580596923828,0.0579884015023708,0.4489484131336212,2.3211052417755127,-0.1350919902324676,dataset\external_videos\correct\P01_correct_004.mp4,182,6.080063,2.0,29.933901083099457,P01,unknown,external_video,0,0.7978324,1,false_positive
0.544093132019043,0.3863303959369659,-0.4429332911968231,0.561525285243988,0.3406672179698944,-0.4195223748683929,0.5732645392417908,0.3420069813728332,-0.4193775951862335,0.5852120518684387,0.3441368341445923,-0.4192963242530823,0.5300134420394897,0.3375137150287628,-0.4235981702804565,0.5171670913696289,0.3358233571052551,-0.4233448207378387,0.507728636264801,0.3348091840744018,-0.423539787530899,0.5925214886665344,0.3671855628490448,-0.2448795288801193,0.4926255941390991,0.349745512008667,-0.2573067843914032,0.5623666048049927,0.4410127103328705,-0.3759193420410156,0.5235323905944824,0.4351977407932281,-0.3793873488903045,0.6545043587684631,0.6363978981971741,-0.13023442029953,0.4064866602420807,0.6112611889839172,-0.2048628032207489,0.6824228763580322,0.9317033290863036,-0.0953131914138794,0.3587928414344787,0.9136260151863098,-0.1590118706226349,0.6805092692375183,1.1972968578338623,-0.2944800555706024,0.4264369010925293,1.1455256938934326,-0.3308638334274292,0.6953077912330627,1.2718439102172852,-0.3500980734825134,0.4347433447837829,1.2271095514297483,-0.3836928606033325,0.6743815541267395,1.2519686222076416,-0.3860136866569519,0.4550181031227112,1.195716381072998,-0.4213975071907043,0.6637334227561951,1.2198399305343628,-0.3184771239757538,0.4559354782104492,1.163390874862671,-0.3505241572856903,0.6080119609832764,1.2380865812301636,-0.0046684718690812,0.4391984939575195,1.2391256093978882,0.0068931337445974,0.5934135317802429,1.7207194566726685,0.0122287813574075,0.4337358772754669,1.7313005924224854,-0.0144735304638743,0.5894555449485779,2.1684603691101074,0.318645030260086,0.4269197285175323,2.1703267097473145,0.1724687963724136,0.5919876098632812,2.2370259761810303,0.3332595825195312,0.4234738051891327,2.236458539962769,0.1822375804185867,0.5598763823509216,2.3185253143310547,0.0548449531197547,0.4499043226242065,2.314379930496216,-0.1479878574609756,dataset\external_videos\correct\P01_correct_004.mp4,196,6.54776,2.0,29.933901083099457,P01,unknown,external_video,0,0.8435887,1,false_positive
0.5441038012504578,0.3875582218170166,-0.4428362250328064,0.5614910125732422,0.3420470058917999,-0.4192791283130646,0.573103129863739,0.3433975875377655,-0.4191388785839081,0.5848008990287781,0.345502108335495,-0.4190600514411926,0.5300041437149048,0.3386675119400024,-0.4235945343971252,0.5171794295310974,0.3368716835975647,-0.4233502149581909,0.5076917409896851,0.3356576561927795,-0.4235483407974243,0.5924636125564575,0.3681782782077789,-0.2440446317195892,0.4923835396766662,0.3505764305591583,-0.2604385912418365,0.5622338056564331,0.4422049224376678,-0.3756032586097717,0.5235380530357361,0.4366895854473114,-0.3794492185115814,0.6541234850883484,0.6358376145362854,-0.1319171637296676,0.4068055152893066,0.6106941103935242,-0.2065958976745605,0.6817348003387451,0.9341861009597778,-0.0955833196640014,0.3591861426830292,0.9139306545257568,-0.163802832365036,0.6802442669868469,1.1985905170440674,-0.2916375696659088,0.4281215667724609,1.1470749378204346,-0.3354240357875824,0.6951096057891846,1.274123191833496,-0.3499119877815246,0.4364567101001739,1.2287260293960571,-0.3881021440029144,0.6745314002037048,1.2537970542907717,-0.3863340318202972,0.456788569688797,1.1976501941680908,-0.4244734048843384,0.6636237502098083,1.2213882207870483,-0.3163794279098511,0.4578436911106109,1.1653649806976318,-0.3542543947696686,0.6097062230110168,1.2374823093414309,-0.0049275453202426,0.4406722486019134,1.2389925718307495,0.0071300030685961,0.5954129695892334,1.7204246520996094,0.0124439233914017,0.4363290071487427,1.730775237083435,-0.0143093727529048,0.5917344689369202,2.167797327041626,0.3184700608253479,0.4299372732639313,2.1688101291656494,0.174063429236412,0.5945910811424255,2.2359368801116943,0.3331014513969421,0.4265676736831665,2.234316110610962,0.1841327100992202,0.5626161694526672,2.318296194076538,0.0557352937757968,0.4532276690006256,2.3132553100585938,-0.1431296616792678,dataset\external_videos\correct\P01_correct_004.mp4,210,7.015457,2.0,29.933901083099457,P01,unknown,external_video,0,0.8122405,1,false_positive
0.5441071391105652,0.3873558342456817,-0.4405499398708343,0.5613952875137329,0.3424789607524872,-0.4194123446941376,0.5728081464767456,0.3438863456249237,-0.419255644083023,0.5841121077537537,0.3459916710853576,-0.4191735386848449,0.5299708843231201,0.3389947414398193,-0.4227315783500671,0.5171431303024292,0.3371604979038238,-0.4224980771541595,0.5076241493225098,0.3358578979969024,-0.4226921498775482,0.5930026769638062,0.3685315549373626,-0.2511034905910492,0.492098718881607,0.3506803810596466,-0.2612775862216949,0.5619484186172485,0.4421056807041168,-0.3749795258045196,0.5235058069229126,0.4364280104637146,-0.3775583207607269,0.6540946364402771,0.6377071738243103,-0.147998496890068,0.4074536859989166,0.6089390516281128,-0.2052526772022247,0.6814387440681458,0.9354497790336608,-0.1146726161241531,0.362174779176712,0.9124744534492492,-0.1638274639844894,0.6805588603019714,1.1885056495666504,-0.3012129664421081,0.4195890724658966,1.1390806436538696,-0.350830078125,0.6958491206169128,1.2630040645599363,-0.3602870404720306,0.4237464070320129,1.220218539237976,-0.4070263803005218,0.6756696701049805,1.243113398551941,-0.3976392149925232,0.4438074827194214,1.191508650779724,-0.4481368362903595,0.6641554236412048,1.2105928659439087,-0.326360136270523,0.447037398815155,1.158875584602356,-0.3729862570762634,0.6073950529098511,1.2371537685394287,-0.0057103764265775,0.4380477964878082,1.2365753650665283,0.0078901471570134,0.5900088548660278,1.718227505683899,0.0120431119576096,0.4322694540023803,1.726636290550232,-0.0144272539764642,0.5837098360061646,2.164813756942749,0.3107201159000397,0.4252899587154388,2.1641170978546143,0.1703374534845352,0.5862560272216797,2.2334647178649902,0.324749082326889,0.4213994741439819,2.230441808700561,0.1795720160007476,0.5570424795150757,2.314202785491944,0.0524233132600784,0.4488376379013061,2.307316780090332,-0.1468191593885421,dataset\external_videos\correct\P01_correct_004.mp4,238,7.950851,2.0,29.933901083099457,P01,unknown,external_video,0,0.8212013,1,false_positive
0.5441627502441406,0.3865260183811188,-0.4474511444568634,0.5613473653793335,0.341492235660553,-0.4215704202651977,0.5726293921470642,0.3429074585437774,-0.4214683175086975,0.5837187170982361,0.3449665904045105,-0.4214305579662323,0.5299242734909058,0.3379776179790497,-0.4266703426837921,0.5171017050743103,0.336228996515274,-0.4264776408672333,0.5075535774230957,0.3350948989391327,-0.4266934096813202,0.5933302044868469,0.3674800395965576,-0.2394516468048095,0.4919393360614776,0.3502154350280761,-0.2580819725990295,0.5618303418159485,0.4414568245410919,-0.3786746859550476,0.5235483050346375,0.4357943534851074,-0.3826562762260437,0.6559160351753235,0.6386709213256836,-0.1430550664663314,0.4071402847766876,0.6128953099250793,-0.2053028792142868,0.6786633133888245,0.9395527839660645,-0.1084228605031967,0.3622698187828064,0.9196675419807434,-0.1712378561496734,0.6714361310005188,1.2038766145706177,-0.3083541989326477,0.4215753674507141,1.156416416168213,-0.3651186823844909,0.684055507183075,1.2835485935211182,-0.3720521628856659,0.4261033236980438,1.237759709358215,-0.4225727915763855,0.662544846534729,1.262982726097107,-0.4068469405174255,0.4458865821361542,1.2082244157791138,-0.4589247405529022,0.6525420546531677,1.227881669998169,-0.3331616818904876,0.4491294920444488,1.174499273300171,-0.3847707211971283,0.6046432256698608,1.242024064064026,-0.008263180963695,0.4351710379123688,1.2412773370742798,0.0104752229526638,0.5880042910575867,1.7268160581588743,0.0182671286165714,0.4305176138877868,1.7363730669021606,0.0131519623100757,0.5794962048530579,2.174861431121826,0.3498345911502838,0.4256056249141693,2.176033735275269,0.2208388000726699,0.5824145674705505,2.2436723709106445,0.366313487291336,0.422226995229721,2.2434253692626958,0.2332252413034439,0.5514335036277771,2.3258063793182373,0.084190234541893,0.447173923254013,2.320508480072021,-0.0934422239661216,dataset\external_videos\correct\P01_correct_004.mp4,266,8.886246,2.0,29.933901083099457,P01,unknown,external_video,0,0.798574,1,false_positive
0.5441015958786011,0.3862526416778564,-0.4390966594219208,0.5610811114311218,0.3410342335700989,-0.4105000495910644,0.5723486542701721,0.342482715845108,-0.4104178249835968,0.5833644866943359,0.3445985913276672,-0.4103791415691376,0.529771089553833,0.3376994729042053,-0.4176878333091736,0.5170623660087585,0.3361059427261352,-0.4175090789794922,0.507361650466919,0.3351702690124511,-0.4177359044551849,0.5935180187225342,0.367344856262207,-0.2232509553432464,0.4916630387306213,0.3506139516830444,-0.2508889138698578,0.5617201924324036,0.4415739774703979,-0.3684626221656799,0.5236819386482239,0.4357434511184692,-0.3754189312458038,0.6556547284126282,0.6402548551559448,-0.1163589656352996,0.406849592924118,0.6136077046394348,-0.202295646071434,0.6742671132087708,0.9413683414459229,-0.0957033634185791,0.3624554276466369,0.9256991147994996,-0.1701457947492599,0.669419527053833,1.1833986043930054,-0.3163100779056549,0.4382487535476684,1.1552661657333374,-0.3559611439704895,0.6829206943511963,1.2703520059585571,-0.3849803507328033,0.4529805481433868,1.2352988719940186,-0.4137715697288513,0.6597541570663452,1.2355656623840332,-0.4187377989292145,0.4744329750537872,1.2042683362960815,-0.4471711814403534,0.6479833722114563,1.192224621772766,-0.3430480659008026,0.4720037281513214,1.171451210975647,-0.3741136789321899,0.6040528416633606,1.2409024238586426,-0.007550811395049,0.4345051348209381,1.2400206327438354,0.0097614089027047,0.5867574214935303,1.7256380319595337,0.0167070589959621,0.4300586879253387,1.7339545488357544,0.010025342926383,0.5782038569450378,2.1737372875213623,0.3398584127426147,0.4254258275032043,2.173099994659424,0.2108354270458221,0.5809620022773743,2.242487668991089,0.3556810915470123,0.4218798279762268,2.2400333881378174,0.222104787826538,0.5515092611312866,2.32330584526062,0.0714489072561264,0.4474865198135376,2.317262887954712,-0.1115238890051841,dataset\external_videos\correct\P01_correct_004.mp4,294,9.82164,2.0,29.933901083099457,P01,unknown,external_video,0,0.86408,1,false_positive
0.551024854183197,0.386969119310379,-0.4446805417537689,0.5666834712028503,0.3420464694499969,-0.4137996137142181,0.5776664018630981,0.3447446823120117,-0.4137781262397766,0.5882106423377991,0.3476429283618927,-0.4137450456619262,0.534541130065918,0.3363088965415954,-0.4237401783466339,0.521869957447052,0.3346473276615143,-0.4236349761486053,0.5100321769714355,0.3342921435832977,-0.4238782823085785,0.5959126353263855,0.3702248036861419,-0.2237674742937088,0.4908742308616638,0.3524989187717438,-0.2598112225532532,0.5656583905220032,0.4450803995132446,-0.3722749352455139,0.5280184149742126,0.4377245008945465,-0.3834427893161773,0.6535281538963318,0.6374595165252686,-0.1163193956017494,0.4038366079330444,0.6225835680961609,-0.2046234756708145,0.6713770627975464,0.9320138096809388,-0.0871056839823722,0.3658155798912048,0.9330878853797911,-0.1778612285852432,0.6705304384231567,1.2067195177078247,-0.3121624588966369,0.4534817636013031,1.1535234451293943,-0.3780376017093658,0.6837047934532166,1.290854573249817,-0.3762677311897278,0.4700106382369995,1.2309337854385376,-0.4384276568889618,0.6633090972900391,1.2745611667633057,-0.4172200858592987,0.4884215295314789,1.192368507385254,-0.4686516523361206,0.6524459719657898,1.239720106124878,-0.3384127616882324,0.4858604073524475,1.1599301099777222,-0.3944854736328125,0.6097316741943359,1.2412790060043335,-0.0062432182021439,0.4417486786842346,1.2512247562408447,0.0083228005096316,0.6005505919456482,1.7244305610656738,0.0201758947223424,0.444642424583435,1.7420519590377808,0.0152898849919438,0.5992944240570068,2.167210340499878,0.3494034111499786,0.4478084444999695,2.170935869216919,0.2238554507493972,0.6019995808601379,2.2346057891845703,0.3670368194580078,0.4440735578536987,2.235937118530273,0.2371850311756134,0.5791251063346863,2.31812047958374,0.0899947732686996,0.4763559103012085,2.313797235488892,-0.0828355625271797,dataset\external_videos\correct\P01_correct_004.mp4,364,12.160126,2.0,29.933901083099457,P01,unknown,external_video,0,0.63443875,1,false_positive
0.5647363066673279,0.4100905954837799,-0.482176810503006,0.5803232789039612,0.360159695148468,-0.4595566391944885,0.5905398726463318,0.3612909018993377,-0.4595648646354675,0.6007004380226135,0.362718254327774,-0.4595826268196106,0.5487187504768372,0.3532024025917053,-0.4706425964832306,0.5362822413444519,0.3498182594776153,-0.4706015288829803,0.524222195148468,0.3473673164844513,-0.4709405899047851,0.6064430475234985,0.3836017251014709,-0.2600533366203308,0.4993858933448791,0.3629375994205475,-0.306375503540039,0.5781319737434387,0.4606594443321228,-0.4018943905830383,0.5451595187187195,0.4569407701492309,-0.4151163101196289,0.6668674349784851,0.6502390503883362,-0.1159420162439346,0.416134625673294,0.6202808618545532,-0.1914904415607452,0.7061926126480103,0.932962954044342,-0.1355056315660476,0.3404358625411987,0.896062970161438,-0.1618127673864364,0.6875804662704468,0.985848903656006,-0.3788833618164062,0.3537395596504211,1.1385769844055176,-0.3174803555011749,0.6909576654434204,0.9860793352127076,-0.4320531785488128,0.3489709794521332,1.2205344438552856,-0.35430508852005,0.6819156408309937,0.949208915233612,-0.4278683364391327,0.3686664998531341,1.2116979360580444,-0.3893356323242187,0.6722838878631592,0.9506197571754456,-0.3862366378307342,0.3752115964889526,1.1796430349349976,-0.335256278514862,0.6138259768486023,1.285605788230896,-0.0010510615538805,0.4405498504638672,1.285595417022705,0.0030720899812877,0.5951650142669678,1.7860946655273438,0.0580417923629283,0.432403951883316,1.7907006740570068,0.0169560555368661,0.5909793972969055,2.2394816875457764,0.3691876232624054,0.4297325313091278,2.2448277473449707,0.2177612334489822,0.5921276807785034,2.3061673641204834,0.3858109712600708,0.4233598113059997,2.3141303062438965,0.2287082225084304,0.5727741122245789,2.3945088386535645,0.1181410551071167,0.4583980143070221,2.3895812034606934,-0.0927865356206893,dataset\external_videos\correct\P01_correct_004.mp4,658,21.981766,2.0,29.933901083099457,P01,unknown,external_video,0,0.63242024,1,false_positive
0.5700581669807434,0.4108652770519256,-0.4853880703449249,0.5850346684455872,0.3613721430301666,-0.4648413062095642,0.5949819087982178,0.3628924489021301,-0.4647745788097381,0.6048488616943359,0.3647230267524719,-0.4647888839244842,0.5534772872924805,0.3536704182624817,-0.4728123843669891,0.5409473776817322,0.3500559031963348,-0.4726739525794983,0.528600811958313,0.3475092053413391,-0.4729879200458526,0.6085798740386963,0.3865617513656616,-0.2711545825004577,0.5013372302055359,0.3632772266864776,-0.3015762269496918,0.5821627378463745,0.4611840844154358,-0.4072960615158081,0.549441933631897,0.4574083685874939,-0.4164789319038391,0.6675180196762085,0.6468733549118042,-0.1322230100631714,0.4166134297847748,0.6169286966323853,-0.1798620373010635,0.687215268611908,0.9332929253578186,-0.1444408893585205,0.3417730629444122,0.8942556977272034,-0.1198150441050529,0.6430956721305847,0.9001314043998718,-0.3143688142299652,0.3520988821983337,1.1087279319763184,-0.2950092554092407,0.6382501721382141,0.8734463453292847,-0.3512093126773834,0.3405939042568207,1.1821025609970093,-0.3326418697834015,0.6368796825408936,0.8359220623970032,-0.3225694298744201,0.3554098904132843,1.1614960432052612,-0.3725954592227936,0.6290505528450012,0.8453149199485779,-0.3069702684879303,0.3650150001049042,1.1341838836669922,-0.3168981671333313,0.6128597855567932,1.285464882850647,-0.0063412715680897,0.4387581646442413,1.281008005142212,0.0081564178690314,0.5951629281044006,1.7854137420654297,0.0826492235064506,0.4323435127735138,1.7850656509399414,0.0629316046833992,0.5912473201751709,2.238797903060913,0.441537082195282,0.4296835660934448,2.2372887134552,0.325774073600769,0.5929401516914368,2.3025424480438232,0.4632918536663055,0.4235073328018188,2.302945852279663,0.345374047756195,0.5719378590583801,2.394228458404541,0.1860260516405105,0.4580807387828827,2.383734226226806,0.0208741836249828,dataset\external_videos\correct\P01_correct_004.mp4,672,22.449463,2.0,29.933901083099457,P01,unknown,external_video,0,0.97910744,1,false_positive
0.5542146563529968,0.4102477729320526,-0.5390594601631165,0.5697042942047119,0.3614527881145477,-0.5061750411987305,0.5792592763900757,0.3629995286464691,-0.5061178207397461,0.5892117619514465,0.3648953437805176,-0.5060643553733826,0.538450300693512,0.3547192215919494,-0.5143131017684937,0.525983989238739,0.3512605726718902,-0.5141468644142151,0.515432596206665,0.3485521674156189,-0.5143646001815796,0.5994366407394409,0.3868376314640045,-0.2874968945980072,0.4927602112293243,0.3654142916202545,-0.3202083706855774,0.5686847567558289,0.4657700359821319,-0.4494648873806,0.5327242016792297,0.459403932094574,-0.4590382277965545,0.6607567667961121,0.639057993888855,-0.1491928249597549,0.4094284474849701,0.6256917715072632,-0.2180783152580261,0.6742852926254272,0.9470385909080504,-0.1540542542934417,0.339961439371109,0.928999125957489,-0.5473917126655579,0.6573508381843567,1.2378555536270142,-0.2883258759975433,0.4523965120315552,0.6586946249008179,-0.9786226153373718,0.6411451697349548,1.3277316093444824,-0.3257041573524475,0.490263819694519,0.575674295425415,-1.0710632801055908,0.6378996968269348,1.3129127025604248,-0.3446003794670105,0.4883373975753784,0.5396324992179871,-1.034904718399048,0.6345942616462708,1.2761038541793823,-0.3049825429916382,0.4779433310031891,0.5768360495567322,-0.9750555157661438,0.6026630997657776,1.2758115530014038,-0.0118837477639317,0.4239691793918609,1.2731918096542358,0.0140767265111207,0.5865904092788696,1.7719485759735107,0.0077558406628668,0.4209347665309906,1.7780925035476685,0.032041061669588,0.5728663206100464,2.2329604625701904,0.3683993518352508,0.4131265878677368,2.235038995742798,0.3113521039485931,0.5729749798774719,2.298792839050293,0.3867985606193542,0.407497376203537,2.3040544986724854,0.3307355344295501,0.5498390793800354,2.391237258911133,0.0361905172467231,0.431179791688919,2.381551742553711,-0.0540778636932373,dataset\external_videos\correct\P01_correct_004.mp4,700,23.384857,2.0,29.933901083099457,P01,unknown,external_video,0,0.9026816,1,false_positive
0.5416432619094849,0.4093922078609466,-0.4706610739231109,0.5562841296195984,0.3595747351646423,-0.4314343631267547,0.5661295056343079,0.3583983778953552,-0.4313842058181762,0.5761361718177795,0.3570011258125305,-0.4313521385192871,0.5229446291923523,0.3542667925357818,-0.432783305644989,0.5108595490455627,0.3520376086235046,-0.4326707720756531,0.4999971687793731,0.3508283197879791,-0.4327845275402069,0.5915351510047913,0.3798372447490692,-0.1964981406927108,0.4845477938652038,0.3698431849479675,-0.1894494742155075,0.5600177645683289,0.4650853276252746,-0.3849793672561645,0.5223223567008972,0.4597603976726532,-0.3834495842456817,0.6600019931793213,0.6316186785697937,-0.0922987088561058,0.4138757586479187,0.6108572483062744,-0.1570840030908584,0.6762054562568665,0.941059112548828,-0.081575684249401,0.3475279808044433,0.8500901460647583,-0.4928933084011078,0.6617090106010437,1.2095609903335571,-0.1593861877918243,0.4368930459022522,0.4142282009124756,-0.9379660487174988,0.6470342874526978,1.292591214179993,-0.1922415196895599,0.4494915306568146,0.3118868768215179,-1.0394179821014404,0.6430737972259521,1.2709343433380127,-0.2128632217645645,0.456563264131546,0.2977603673934936,-1.0038858652114868,0.6393439173698425,1.2385860681533811,-0.1765385121107101,0.4575948119163513,0.3350315392017364,-0.940337598323822,0.6107760071754456,1.2697854042053225,-0.0218145847320556,0.4349915683269501,1.2712770700454712,0.023914935067296,0.6036644577980042,1.7646281719207764,-0.0341005250811576,0.4480114579200744,1.773309350013733,0.0554492622613906,0.5939871072769165,2.221920728683472,0.2962880432605743,0.4459042847156524,2.224071979522705,0.3224110603332519,0.5965076684951782,2.283068418502808,0.3094887733459472,0.4407612085342407,2.287313222885132,0.342096745967865,0.5742361545562744,2.376187562942505,-0.0237389896064996,0.4684129655361175,2.3746352195739746,-0.032623752951622,dataset\external_videos\correct\P01_correct_004.mp4,714,23.852554,2.0,29.933901083099457,P01,unknown,external_video,0,0.9101219,1,false_positive
0.5489597916603088,0.4099626839160919,-0.4955823719501495,0.5653785467147827,0.3600352704524994,-0.4607556760311126,0.5756880044937134,0.3594861030578613,-0.4607597291469574,0.5857642889022827,0.358679324388504,-0.460660308599472,0.531863272190094,0.3542549014091491,-0.4677799642086029,0.5191911458969116,0.351760059595108,-0.4676290154457092,0.5062958002090454,0.3504473865032196,-0.4677520990371704,0.5956990122795105,0.3800053894519806,-0.2026780396699905,0.4853061437606811,0.36729896068573,-0.2291495203971862,0.5627234578132629,0.467518538236618,-0.4047600030899048,0.5270993709564209,0.461472749710083,-0.4107948243618011,0.6593988537788391,0.6306037902832031,-0.0981480777263641,0.4138926565647125,0.6095738410949707,-0.1775276213884353,0.6784879565238953,0.9412131309509276,-0.0965391024947166,0.3545978367328644,0.9338386058807372,-0.4471387267112732,0.6809629201889038,1.1986889839172363,-0.3423859775066376,0.4409613311290741,0.704968273639679,-0.9340544939041138,0.6887204647064209,1.281886339187622,-0.3999484181404114,0.4455834329128265,0.6391788125038147,-1.0304090976715088,0.6828807592391968,1.2614763975143433,-0.4368691444396972,0.4432116746902466,0.5960636734962463,-1.0207728147506714,0.6698758602142334,1.2281831502914429,-0.370728999376297,0.4464713931083679,0.6161712408065796,-0.9406753778457642,0.605169951915741,1.2515605688095093,-0.0086343893781304,0.4302007555961609,1.248732566833496,0.0106550343334674,0.5934915542602539,1.7387138605117798,-0.0193046834319829,0.434455931186676,1.7388653755187988,0.0104276901111006,0.5845058560371399,2.194361686706543,0.3091091215610504,0.4358710348606109,2.182015180587769,0.2515195906162262,0.5863526463508606,2.255698204040528,0.3116768598556518,0.4282360970973968,2.240959644317627,0.2661190032958984,0.5691738724708557,2.336977243423462,0.0238415412604808,0.4593237638473511,2.3231489658355717,-0.1129470691084861,dataset\external_videos\correct\P01_correct_004.mp4,728,24.320251,2.0,29.933901083099457,P01,unknown,external_video,0,0.73026246,1,false_positive
0.5526652932167053,0.4042349457740783,-0.5005161762237549,0.5676339864730835,0.356519877910614,-0.4723142087459564,0.5781494379043579,0.3565698266029358,-0.4722008109092712,0.5884116291999817,0.3562869429588318,-0.4721346497535705,0.5346412658691406,0.3501888215541839,-0.4797865152359009,0.5217096209526062,0.3476320505142212,-0.4796017706394195,0.5088101625442505,0.3464433550834656,-0.4797569811344147,0.5976654887199402,0.3771329224109649,-0.2722239792346954,0.487118661403656,0.3638197183609009,-0.3022964596748352,0.5665391087532043,0.4623775780200958,-0.4223184585571289,0.5318685173988342,0.4575937390327453,-0.4298023581504822,0.6603384017944336,0.6310549974441528,-0.1658020615577697,0.4139913916587829,0.6114233136177063,-0.2357423603534698,0.6796846389770508,0.9410351514816284,-0.1243567615747451,0.3624347746372223,0.9289312362670898,-0.2338366210460662,0.6594172120094299,1.2072019577026367,-0.3388034105300903,0.4365820586681366,1.088559865951538,-0.3952921628952026,0.6634734272956848,1.2925066947937012,-0.3940687775611877,0.4444113075733185,1.160892128944397,-0.4510765373706817,0.6469250917434692,1.269949436187744,-0.4272659718990326,0.4578433930873871,1.1237643957138062,-0.4844826757907867,0.6387186646461487,1.2349777221679688,-0.3626525700092315,0.459175169467926,1.0939115285873413,-0.4132900536060333,0.6052821278572083,1.2459373474121094,-0.0082631949335336,0.4340003430843353,1.2460559606552124,0.010303197428584,0.5934872031211853,1.735127329826355,-0.0069233323447406,0.4356493651866913,1.7386726140975952,-0.0097206318750977,0.5845094919204712,2.189189910888672,0.3009300231933594,0.4349841475486755,2.184842348098755,0.1718097627162933,0.5863533616065979,2.2514986991882324,0.3129372298717499,0.4280411303043365,2.248322010040283,0.1807122230529785,0.5674524903297424,2.3398211002349854,0.0297319758683443,0.4587902426719665,2.326688289642334,-0.1559591889381408,dataset\external_videos\correct\P01_correct_004.mp4,742,24.787949,2.0,29.933901083099457,P01,unknown,external_video,0,0.8266071,1,false_positive
0.5527193546295166,0.4003434479236603,-0.4734601676464081,0.5677646994590759,0.3523298799991607,-0.451037049293518,0.5782703757286072,0.3522131443023681,-0.450914204120636,0.5885242819786072,0.3520967662334442,-0.450842022895813,0.5347698926925659,0.3478049039840698,-0.4565111398696899,0.521945059299469,0.3456110954284668,-0.4563140869140625,0.5090965628623962,0.3446621000766754,-0.4565027356147766,0.5978171229362488,0.3722727596759796,-0.2675639986991882,0.487515389919281,0.3614471554756164,-0.2970727682113647,0.5668201446533203,0.458629310131073,-0.4026534855365753,0.5319187641143799,0.4545911252498626,-0.4075263738632202,0.6617081165313721,0.6297213435173035,-0.158113956451416,0.4137040078639984,0.6131055355072021,-0.2277103513479232,0.680166482925415,0.9370536208152772,-0.1245301812887191,0.3614426255226135,0.9276440739631652,-0.1795485764741897,0.656983494758606,1.1964527368545532,-0.3301042318344116,0.4303392469882965,1.1126655340194702,-0.3759433925151825,0.6587497591972351,1.2709332704544067,-0.3931044936180115,0.4390800297260284,1.1885403394699097,-0.4338665902614593,0.6413920521736145,1.247442603111267,-0.4217648804187774,0.4551232755184173,1.1477031707763672,-0.4662726819515228,0.6345202326774597,1.2174975872039795,-0.3546692728996277,0.4564804434776306,1.11795973777771,-0.3948644697666168,0.6070414185523987,1.2442282438278198,-0.0087488833814859,0.4369575679302215,1.246479034423828,0.0108344461768865,0.5965865254402161,1.7343955039978027,-0.0064533767290413,0.4400438964366913,1.7403115034103394,-0.0009323705453425,0.5902513861656189,2.1864237785339355,0.3173774480819702,0.4382725059986114,2.1866893768310547,0.1965445578098297,0.5928484797477722,2.249109029769897,0.331348568201065,0.4334492683410644,2.252063512802124,0.207893893122673,0.5688847899436951,2.3409054279327397,0.0315762721002101,0.4606513082981109,2.328951597213745,-0.1271685063838958,dataset\external_videos\correct\P01_correct_004.mp4,756,25.255646,2.0,29.933901083099457,P01,unknown,external_video,0,0.6657977,1,false_positive
0.5541480779647827,0.3951730728149414,-0.4771898090839386,0.5686662793159485,0.3482070565223694,-0.4519514441490173,0.5791986584663391,0.3486991822719574,-0.4518427550792694,0.5894229412078857,0.3493064045906067,-0.4517631232738495,0.5359046459197998,0.3446510136127472,-0.4619982540607452,0.5226046442985535,0.342963695526123,-0.4619404971599579,0.5099109411239624,0.3422490656375885,-0.4621997773647308,0.5986040830612183,0.3699548244476318,-0.2733224332332611,0.4881785809993744,0.3585206866264343,-0.3146632015705108,0.568928062915802,0.4541267156600952,-0.4059016406536102,0.5332756638526917,0.4501054883003235,-0.4181087911128998,0.6614305377006531,0.628411591053009,-0.1652720868587494,0.4109790027141571,0.6195850968360901,-0.2334879785776138,0.6811088919639587,0.9332417845726012,-0.0950282290577888,0.3650013208389282,0.9253485798835754,-0.1694058030843734,0.6472318768501282,1.1872602701187134,-0.2905349433422088,0.4478280246257782,1.1317569017410278,-0.336067646741867,0.6485410332679749,1.2680368423461914,-0.3508316278457641,0.4600791335105896,1.2127596139907837,-0.3914666175842285,0.6301736831665039,1.2448649406433103,-0.3918773233890533,0.4772958755493164,1.1777077913284302,-0.4227350056171417,0.6243142485618591,1.2101023197174072,-0.316376656293869,0.4780524671077728,1.136484980583191,-0.3529455959796905,0.6138182282447815,1.2354384660720823,-0.0060099428519606,0.4469473958015442,1.2409536838531494,0.0080181984230875,0.6003720760345459,1.727648138999939,0.0031409980729222,0.4449528157711029,1.7380485534667969,-0.0219585429877042,0.5953236818313599,2.1818506717681885,0.3235336244106293,0.4428554773330688,2.1854894161224365,0.1655783653259277,0.5972445011138916,2.2474935054779053,0.3390465974807739,0.4398776590824127,2.251178979873657,0.1746952086687088,0.5750987529754639,2.3359532356262207,0.049771811813116,0.4656611084938049,2.330378770828247,-0.1608117222785949,dataset\external_videos\correct\P01_correct_004.mp4,798,26.658737,2.0,29.933901083099457,P01,unknown,external_video,0,0.5361717,1,false_positive
0.5544143915176392,0.3945583701133728,-0.4754019677639007,0.5687353014945984,0.347890168428421,-0.4500612020492553,0.5792391896247864,0.3484820425510406,-0.4499784111976623,0.5894550085067749,0.3491484224796295,-0.4499005377292633,0.536279559135437,0.3442415595054626,-0.4589480757713318,0.5229054093360901,0.342581182718277,-0.45888552069664,0.5103732347488403,0.3418216109275818,-0.4591399729251861,0.5986514687538147,0.3696693778038025,-0.2730209529399872,0.4883208572864532,0.3578964471817016,-0.3121107816696167,0.5690279603004456,0.4532836377620697,-0.403579831123352,0.5336532592773438,0.449310839176178,-0.4146057963371277,0.6614324450492859,0.628571629524231,-0.1632988005876541,0.4109956920146942,0.6195945739746094,-0.2264982759952545,0.6808074712753296,0.9332982897758484,-0.0988681316375732,0.3650155365467071,0.9188048243522644,-0.1644568741321563,0.6491918563842773,1.18578040599823,-0.2949891984462738,0.445081889629364,1.1208982467651367,-0.336962878704071,0.6514406800270081,1.2670053243637085,-0.3551363945007324,0.4557878375053406,1.1984223127365112,-0.3951635658740997,0.6334584951400757,1.2435705661773682,-0.3930973708629608,0.4729824364185333,1.1643731594085691,-0.4276507496833801,0.6267573237419128,1.208728909492493,-0.320074588060379,0.4739313721656799,1.1305419206619265,-0.3550639748573303,0.613765299320221,1.231112003326416,-0.0057987426407635,0.4480416476726532,1.2361091375350952,0.0077948835678398,0.6003288626670837,1.7202244997024536,-0.0112141044810414,0.4454219937324524,1.7300090789794922,-0.0314578339457511,0.595038115978241,2.1749813556671143,0.2734945714473724,0.4426615536212921,2.179610013961792,0.1258264482021331,0.5969995856285095,2.2407801151275635,0.2866522967815399,0.4397516548633575,2.2463948726654053,0.1310777813196182,0.5745559930801392,2.3281238079071045,0.0048266747035086,0.464997261762619,2.322150230407715,-0.1977286040782928,dataset\external_videos\correct\P01_correct_004.mp4,812,27.126434,2.0,29.933901083099457,P01,unknown,external_video,0,0.53992784,1,false_positive
0.5544411540031433,0.3916484713554382,-0.4556121826171875,0.5687700510025024,0.3453221023082733,-0.4313379824161529,0.5792700052261353,0.3461523950099945,-0.4312610924243927,0.5894883871078491,0.3471920788288116,-0.4311746656894684,0.5363271832466125,0.3421447873115539,-0.4387386739253998,0.5229718685150146,0.3408177196979522,-0.4386658072471618,0.5106513500213623,0.3403927981853485,-0.4389142096042633,0.5988367795944214,0.3684859275817871,-0.2558468282222748,0.488897293806076,0.3567498922348022,-0.2886289060115814,0.5690664052963257,0.4510508179664612,-0.3854656517505646,0.533659040927887,0.4461154341697693,-0.3943494260311126,0.6615079045295715,0.6290795803070068,-0.1434070616960525,0.411062628030777,0.6194882392883301,-0.2126107662916183,0.6796863079071045,0.9333261847496032,-0.0852361768484115,0.3654083609580993,0.9155782461166382,-0.1560530215501785,0.6500114798545837,1.176552653312683,-0.2807921767234802,0.4453626871109009,1.120477557182312,-0.3234466910362243,0.6526511907577515,1.258835792541504,-0.3404057621955871,0.4563706815242767,1.199865460395813,-0.3809544742107391,0.635504424571991,1.2359025478363037,-0.3806511759757995,0.4744725227355957,1.1648244857788086,-0.4108914732933044,0.6284344792366028,1.200521469116211,-0.3065164983272552,0.4749704301357269,1.1317145824432373,-0.3401161134243011,0.6127089858055115,1.2307671308517456,-0.0045673907734453,0.4477351307868957,1.2347933053970337,0.0065588308498263,0.599036455154419,1.7173020839691162,-0.006174471694976,0.4449980854988098,1.7255171537399292,-0.0334472842514514,0.5949538946151733,2.1702377796173096,0.2801250517368316,0.4422280490398407,2.1739957332611084,0.1246486753225326,0.5967235565185547,2.23595666885376,0.2937245666980743,0.4392386376857757,2.240864992141724,0.1305834949016571,0.5741658806800842,2.3222525119781494,0.0185201130807399,0.4645298421382904,2.315342903137207,-0.1917705833911895,dataset\external_videos\correct\P01_correct_004.mp4,826,27.594131,2.0,29.933901083099457,P01,unknown,external_video,0,0.64649475,1,false_positive
0.5537247061729431,0.3921787142753601,-0.4751244485378265,0.5683164596557617,0.3459792137145996,-0.4515460133552551,0.5786148905754089,0.3469146490097046,-0.4514561295509338,0.5887562036514282,0.3479528129100799,-0.4513798952102661,0.536529004573822,0.3427022993564605,-0.4600184261798858,0.5231488943099976,0.3414129912853241,-0.4599403142929077,0.5112659931182861,0.3407563865184784,-0.4602001011371612,0.5994760990142822,0.3689121901988983,-0.2680632174015045,0.4896362125873565,0.3565210402011871,-0.302999198436737,0.5687710046768188,0.450296550989151,-0.4028576910495758,0.5331030488014221,0.4448746740818023,-0.4124439358711242,0.661536455154419,0.6303027272224426,-0.1407691538333892,0.4112040102481842,0.6185948252677917,-0.2170865386724472,0.6751616597175598,0.9360623359680176,-0.0867108404636383,0.3675177991390228,0.902657985687256,-0.1821908205747604,0.646335244178772,1.167569279670715,-0.3020138442516327,0.4527211189270019,1.119655728340149,-0.3539770841598511,0.6521795988082886,1.247793197631836,-0.361895352602005,0.4689251482486725,1.2019435167312622,-0.4101070463657379,0.6374654173851013,1.227706789970398,-0.404490202665329,0.4868570268154144,1.1684870719909668,-0.4410215020179748,0.6289196014404297,1.1919872760772705,-0.32920703291893,0.4857299923896789,1.1341476440429688,-0.3705366849899292,0.6081322431564331,1.2308471202850342,-0.0034966254606842,0.4452224671840668,1.2317936420440674,0.0054706912487745,0.591490626335144,1.7081292867660522,0.0019251897465437,0.4380735158920288,1.7130001783370972,-0.0337561182677745,0.5853514075279236,2.157003164291382,0.3052018880844116,0.4318352937698364,2.157524347305298,0.1414817124605178,0.5859474539756775,2.221865653991699,0.3213341534137726,0.4282239973545074,2.225826978683472,0.1505007147789001,0.5653567910194397,2.3083086013793945,0.0514930374920368,0.454154908657074,2.29684853553772,-0.1686248034238815,dataset\external_videos\correct\P01_correct_004.mp4,882,29.46492,2.0,29.933901083099457,P01,unknown,external_video,0,0.68882936,1,false_positive
0.5549499988555908,0.3929475545883178,-0.4511773884296417,0.5692057013511658,0.3472039699554443,-0.4285455048084259,0.579336941242218,0.348109096288681,-0.4284311532974243,0.5893171429634094,0.3490225374698639,-0.4283575713634491,0.5378168225288391,0.3435746133327484,-0.4366229176521301,0.5246689915657043,0.3421279788017273,-0.4364600479602813,0.5125539302825928,0.3411703109741211,-0.4366984069347381,0.5995060205459595,0.3694724440574646,-0.2493620365858078,0.4904333651065826,0.3570306003093719,-0.2827627062797546,0.5692958235740662,0.4504630863666534,-0.3804726600646972,0.5340671539306641,0.445076584815979,-0.3896366357803345,0.6616020202636719,0.629997968673706,-0.134511187672615,0.4122247695922851,0.6185387372970581,-0.2016102969646453,0.6785544753074646,0.9269712567329408,-0.0832533612847328,0.3675984740257263,0.9000968337059021,-0.1497696340084076,0.65623539686203,1.1610559225082395,-0.2919750511646271,0.4520559906959533,1.1135170459747314,-0.3152560889720917,0.6648099422454834,1.2404364347457886,-0.352714329957962,0.4652977287769317,1.1914472579956057,-0.3693564236164093,0.6493276953697205,1.2200881242752075,-0.3929904401302337,0.4827228188514709,1.1570390462875366,-0.4044977724552154,0.6397539377212524,1.185978651046753,-0.3185495138168335,0.4828802645206451,1.1233172416687012,-0.3339309990406036,0.6097142100334167,1.225638508796692,-0.0035159343387931,0.4462440311908722,1.227115511894226,0.0054882201366126,0.5925139784812927,1.7064704895019531,0.002007822273299,0.43854621052742,1.7118762731552124,-0.0324305966496467,0.5861343145370483,2.1579158306121826,0.2986944019794464,0.4322190284729004,2.158357858657837,0.1374437361955642,0.5869386792182922,2.223140954971313,0.3132171332836151,0.428689032793045,2.2255067825317383,0.1449882388114929,0.5658273696899414,2.30861234664917,0.0370644405484199,0.4546710550785064,2.298680305480957,-0.1822045892477035,dataset\external_videos\correct\P01_correct_004.mp4,896,29.932617,2.0,29.933901083099457,P01,unknown,external_video,0,0.8435459,1,false_positive
0.5562647581100464,0.3953005969524383,-0.4552699029445648,0.5706909894943237,0.3492659032344818,-0.4323591291904449,0.5809594988822937,0.3502909243106842,-0.4322688281536102,0.5910580158233643,0.3514353632926941,-0.4322048127651214,0.5391156077384949,0.3449952900409698,-0.4405544102191925,0.5262627005577087,0.3433411419391632,-0.4404153525829315,0.5140436291694641,0.3420737683773041,-0.4406628906726837,0.600744366645813,0.3716245889663696,-0.2488087564706802,0.4915652275085449,0.3573926091194153,-0.2833327651023865,0.5702030658721924,0.4524822831153869,-0.3819263279438019,0.5352483987808228,0.4466833770275116,-0.3916837871074676,0.6616055369377136,0.6300575733184814,-0.1345046460628509,0.413060188293457,0.615045964717865,-0.1895307004451751,0.6785966157913208,0.9258233904838562,-0.0860162153840065,0.3704498708248138,0.8971639275550842,-0.1262976974248886,0.6554027795791626,1.1524896621704102,-0.2949170470237732,0.4359480440616607,1.1102349758148191,-0.2959726750850677,0.6619669198989868,1.2330522537231443,-0.3557849526405334,0.4411067068576813,1.1879897117614746,-0.3506016433238983,0.6469610333442688,1.2087208032608032,-0.3951562941074371,0.4557708203792572,1.155431866645813,-0.3907721936702728,0.63818359375,1.1748442649841309,-0.3206565678119659,0.4597401618957519,1.1225779056549072,-0.317201167345047,0.6066838502883911,1.2251297235488892,-0.0035275868140161,0.4448725581169128,1.223517656326294,0.0054995762184262,0.5884204506874084,1.7033343315124512,0.0025478315073996,0.4361583888530731,1.7036957740783691,-0.0294493660330772,0.580616295337677,2.1478092670440674,0.2927091717720032,0.4296545088291168,2.1464321613311768,0.1412344872951507,0.5813313722610474,2.211288452148437,0.3070365786552429,0.4261229932308197,2.2127318382263184,0.1486987769603729,0.5582453012466431,2.2975780963897705,0.0364049114286899,0.4505754709243774,2.284648895263672,-0.1762547940015792,dataset\external_videos\correct\P01_correct_004.mp4,910,30.400314,2.0,29.933901083099457,P01,unknown,external_video,0,0.9195246,1,false_positive
0.5578821897506714,0.3965570628643036,-0.4720624089241028,0.5721315145492554,0.3507877588272095,-0.4462518692016601,0.5825287103652954,0.3520452082157135,-0.44617959856987,0.5927394032478333,0.3534908592700958,-0.4460939764976501,0.5404981970787048,0.3457605242729187,-0.4562098383903503,0.5276287198066711,0.3438783884048462,-0.4560923874378204,0.5152695178985596,0.3423931896686554,-0.4563385546207428,0.6017325520515442,0.3740421831607818,-0.2511407136917114,0.4918621182441711,0.3577442169189453,-0.2925862967967987,0.5715488195419312,0.4535329043865204,-0.3941915929317474,0.5369018912315369,0.4474590122699737,-0.4065251648426056,0.6614373922348022,0.6297340393066406,-0.1422578990459442,0.4128345251083374,0.6150941848754883,-0.1919991075992584,0.6733855605125427,0.9266220331192015,-0.1166234537959098,0.3705915808677673,0.8975420594215393,-0.1651478707790374,0.6264505982398987,1.1392053365707395,-0.3492206633090973,0.437845230102539,1.108457088470459,-0.4166847169399261,0.6218578219413757,1.215544581413269,-0.418204516172409,0.4438897967338562,1.1848912239074707,-0.484533429145813,0.6080965399742126,1.184264063835144,-0.4530936181545257,0.4589224457740783,1.1532268524169922,-0.5192925930023193,0.6046437621116638,1.1512255668640137,-0.3723807036876678,0.4618028998374939,1.1205196380615234,-0.4374506771564483,0.6044266819953918,1.2249937057495115,-0.0041503380052745,0.444124162197113,1.223674774169922,0.0061456677503883,0.5883176922798157,1.6986881494522097,0.0033623075578361,0.436191976070404,1.7016245126724243,-0.0235546194016933,0.5802091956138611,2.142371654510498,0.2939521968364715,0.4299296140670776,2.1422080993652344,0.1535466164350509,0.5806819200515747,2.2068278789520264,0.3083081245422363,0.4264313280582428,2.209669589996338,0.1606071889400482,0.5584444403648376,2.291055202484131,0.0372426584362983,0.4499626755714416,2.278346538543701,-0.1592418998479843,dataset\external_videos\correct\P01_correct_004.mp4,924,30.868011,2.0,29.933901083099457,P01,unknown,external_video,0,0.64102405,1,false_positive
0.5579332113265991,0.3968844413757324,-0.4638055562973022,0.5721264481544495,0.3510757982730865,-0.4381964802742004,0.5824890732765198,0.3522999286651611,-0.4380589425563812,0.5926463007926941,0.3536694943904876,-0.4380031824111938,0.5405285954475403,0.3460091054439544,-0.4489802420139313,0.5276361107826233,0.3440538048744201,-0.4487864077091217,0.5153534412384033,0.3424975872039795,-0.4489895105361938,0.601523756980896,0.3741734027862549,-0.2441602349281311,0.4918959438800812,0.3579148650169372,-0.287339836359024,0.5717136263847351,0.4535408914089203,-0.3874131739139557,0.5369503498077393,0.4475558400154114,-0.3998253941535949,0.6614084243774414,0.6295560598373413,-0.1359728723764419,0.4121720492839813,0.6164048910140991,-0.1948324143886566,0.6755666732788086,0.9265519380569458,-0.0981808081269264,0.3708453774452209,0.8980157971382141,-0.1548783034086227,0.6333764791488647,1.156911849975586,-0.3043323755264282,0.4395465850830078,1.0916523933410645,-0.3342240452766418,0.6354193091392517,1.2380768060684204,-0.3664688467979431,0.4442527592182159,1.1896110773086548,-0.3909505903720855,0.616866946220398,1.213925004005432,-0.4035253524780273,0.4595251381397247,1.1576169729232788,-0.4299233257770538,0.611443817615509,1.1792688369750977,-0.3295988738536834,0.462052434682846,1.125599026679993,-0.3549548089504242,0.6055533289909363,1.2253633737564087,-0.0036972512025386,0.4440714716911316,1.224137783050537,0.0057618068531155,0.5933735966682434,1.6992539167404177,0.0029063769616186,0.4402197599411011,1.7039127349853516,-0.0356219597160816,0.5885628461837769,2.1462972164154053,0.2934843301773071,0.4348844885826111,2.14525842666626,0.1351141333580017,0.5902087688446045,2.212083578109741,0.3071708381175995,0.431041270494461,2.2118947505950928,0.1416402012109756,0.5671201944351196,2.294041156768799,0.0249817334115505,0.4574139416217804,2.284395694732666,-0.1939047425985336,dataset\external_videos\correct\P01_correct_004.mp4,938,31.335709,2.0,29.933901083099457,P01,unknown,external_video,0,0.848429,1,false_positive
0.5581227540969849,0.3967947661876678,-0.4643548429012298,0.5723690390586853,0.3510589003562927,-0.4388958811759949,0.5827686786651611,0.3522936105728149,-0.4387696981430053,0.5929548740386963,0.3536640107631683,-0.4387066960334778,0.5407620072364807,0.3459804654121399,-0.4491868317127228,0.5278518199920654,0.3440188765525818,-0.4490015804767608,0.5156601667404175,0.3424345850944519,-0.4492147564888,0.6016832590103149,0.3742121160030365,-0.2450838088989257,0.4920653402805328,0.357913076877594,-0.2867175042629242,0.571911633014679,0.4534380435943603,-0.388095885515213,0.5370499491691589,0.447368711233139,-0.3999281227588653,0.6612335443496704,0.6295193433761597,-0.136807233095169,0.412456214427948,0.6164343953132629,-0.1910682171583175,0.6741958856582642,0.9266417622566224,-0.1004351824522018,0.371375560760498,0.8976850509643555,-0.1396528035402298,0.6343254446983337,1.153480052947998,-0.3209166824817657,0.4391699433326721,1.094973921775818,-0.3219290971755981,0.6355486512184143,1.2326241731643677,-0.3865019679069519,0.4444742500782013,1.1870936155319214,-0.3802633583545685,0.6192318201065063,1.2057702541351318,-0.4251023530960083,0.4595833420753479,1.154418706893921,-0.4194945394992828,0.6136837601661682,1.171249270439148,-0.3466764688491821,0.4616913795471191,1.1222381591796875,-0.3435540199279785,0.6050169467926025,1.2243635654449463,-0.0038108928129076,0.443336009979248,1.2232104539871216,0.005894930101931,0.5927025675773621,1.6976042985916138,0.0068779434077441,0.4398254752159118,1.7026920318603516,-0.0326784215867519,0.5864377617835999,2.1438629627227783,0.3024921417236328,0.4337058663368225,2.1440963745117188,0.1453487575054168,0.5879663228988647,2.2096052169799805,0.3168632090091705,0.4300625622272491,2.2112033367156982,0.1523365080356598,0.5638428926467896,2.2916805744171143,0.0347693897783756,0.4542869329452514,2.282222032546997,-0.1792109012603759,dataset\external_videos\correct\P01_correct_004.mp4,952,31.803406,2.0,29.933901083099457,P01,unknown,external_video,0,0.8498089,1,false_positive
0.5578122735023499,0.3973027765750885,-0.4663912355899811,0.5721537470817566,0.3515107929706573,-0.4429186284542084,0.5825253129005432,0.3527146577835083,-0.4428127110004425,0.592747688293457,0.3540643155574798,-0.4427442550659179,0.540558397769928,0.3465575873851776,-0.4525432586669922,0.5276898741722107,0.3446370661258697,-0.4523802399635315,0.5156682729721069,0.3429948091506958,-0.4526308178901672,0.6016191244125366,0.3744182586669922,-0.2506555616855621,0.4922446310520172,0.3581848442554474,-0.2895409166812897,0.5716999769210815,0.4536729454994201,-0.3894959092140198,0.5370008945465088,0.4475409388542175,-0.4009968936443329,0.6612354516983032,0.6288504600524902,-0.1362613886594772,0.4136207401752472,0.6145105361938477,-0.1907021701335907,0.6734842658042908,0.9253323674201964,-0.0842855423688888,0.3709988594055176,0.889253556728363,-0.1300161331892013,0.6282336711883545,1.1426351070404053,-0.294845849275589,0.439872533082962,1.0618549585342407,-0.3025452792644501,0.6248100996017456,1.21909761428833,-0.3568843007087707,0.4496498107910156,1.175665259361267,-0.3592866659164428,0.6108400821685791,1.191295146942139,-0.3937095999717712,0.4636252224445343,1.1407462358474731,-0.393955796957016,0.6067989468574524,1.156846046447754,-0.3187049329280853,0.4644416570663452,1.108628749847412,-0.3209466636180877,0.6048275828361511,1.2194558382034302,-0.0036052491050213,0.4434123337268829,1.2170497179031372,0.0056604845449328,0.5925469994544983,1.6886824369430542,0.0023782989010214,0.4403419196605682,1.6914345026016235,-0.0368466600775718,0.5859156250953674,2.132784605026245,0.2934602200984955,0.433720976114273,2.133000135421753,0.1368051469326019,0.5872246623039246,2.1969659328460693,0.3074751496315002,0.4300782382488251,2.1998562812805176,0.143521249294281,0.5633230209350586,2.2804901599884038,0.0238313116133213,0.4539135992527008,2.269500732421875,-0.1851107776165008,dataset\external_videos\correct\P01_correct_004.mp4,966,32.271103,2.0,29.933901083099457,P01,unknown,external_video,0,0.81987154,1,false_positive
0.5573962926864624,0.3972342312335968,-0.4339901506900787,0.5717762112617493,0.3515021800994873,-0.4085204005241394,0.5819746851921082,0.3527061939239502,-0.408386617898941,0.5920182466506958,0.3540558218955993,-0.4083307981491089,0.5404702425003052,0.3465526103973388,-0.4181175827980041,0.5276188254356384,0.344632625579834,-0.417908251285553,0.5156748294830322,0.3429861962795257,-0.4180905520915985,0.6010568141937256,0.3744251728057861,-0.2227859944105148,0.4923619329929352,0.3581863939762115,-0.2610311210155487,0.5712980031967163,0.4534497559070587,-0.3622523546218872,0.5366714596748352,0.4471658766269684,-0.3729548156261444,0.6608029007911682,0.6288065314292908,-0.1197977289557457,0.4134334325790405,0.6182413697242737,-0.1917340159416198,0.6737996339797974,0.9252336025238036,-0.0846980735659599,0.3761003315448761,0.8987642526626587,-0.1324227005243301,0.6474822163581848,1.1525307893753052,-0.2926500141620636,0.4412010610103607,1.11144757270813,-0.3167566359043121,0.6560114026069641,1.228654146194458,-0.353848934173584,0.4495801031589508,1.1995384693145752,-0.3734672665596008,0.6400917768478394,1.2073973417282104,-0.3924526274204254,0.4636666476726532,1.1719701290130615,-0.4084331393241882,0.631024181842804,1.1747311353683472,-0.3183475434780121,0.4650229513645172,1.1394836902618408,-0.3358186781406402,0.6072871685028076,1.2198622226715088,-0.0032521556131541,0.445029079914093,1.2182505130767822,0.0053708627820014,0.5952337980270386,1.690535306930542,-0.0038441156502813,0.4442626535892486,1.6967135667800903,-0.0388946495950222,0.5919008255004883,2.1379923820495605,0.272337406873703,0.4401516318321228,2.138500690460205,0.1153686568140983,0.5942395329475403,2.203747510910034,0.2843795120716095,0.4360628426074981,2.2041852474212646,0.120574377477169,0.5707436800003052,2.2831332683563232,0.0039046485908329,0.4637643694877624,2.277474164962769,-0.2084871977567672,dataset\external_videos\correct\P01_correct_004.mp4,980,32.7388,2.0,29.933901083099457,P01,unknown,external_video,0,0.9330456,1,false_positive
0.5564215183258057,0.396445095539093,-0.4390232861042022,0.5702400207519531,0.3505535125732422,-0.4142974019050598,0.5800858736038208,0.3513577878475189,-0.4141618609428406,0.5897834897041321,0.3522849678993225,-0.4141150116920471,0.5392773151397705,0.3464787304401397,-0.4235310852527618,0.5265187621116638,0.3446199595928192,-0.4233408570289612,0.5151362419128418,0.3429991900920868,-0.4235368072986603,0.598553478717804,0.3720622360706329,-0.2282156199216842,0.4922297894954681,0.3582524061203003,-0.2648518979549408,0.5708582401275635,0.4515123963356018,-0.3669506907463074,0.5362012386322021,0.4462039172649383,-0.3770293891429901,0.660812258720398,0.628065824508667,-0.1157226786017417,0.4133568108081817,0.6185252666473389,-0.2001944631338119,0.675868034362793,0.925361692905426,-0.06514523178339,0.3773986399173736,0.902543604373932,-0.137962058186531,0.6622863411903381,1.1628886461257937,-0.2676558494567871,0.446995347738266,1.1179014444351196,-0.3230607807636261,0.6736341714859009,1.2399988174438477,-0.3264883458614349,0.4550804793834686,1.2005598545074463,-0.3798990845680237,0.6570923328399658,1.2232803106307983,-0.3691673278808594,0.4706552922725677,1.1707507371902466,-0.4139996767044067,0.6470681428909302,1.189441800117493,-0.2954603731632232,0.4717380702495575,1.1378542184829712,-0.3416650593280792,0.6135443449020386,1.2203470468521118,-0.0028145459946244,0.448256641626358,1.2207335233688354,0.0049789864569902,0.6040228605270386,1.695305109024048,0.0008715937146916,0.4514784812927246,1.7050292491912842,-0.0376818627119064,0.6047177910804749,2.1435163021087646,0.3074134886264801,0.4506639242172241,2.1449851989746094,0.1385792642831802,0.6071127653121948,2.210882663726806,0.3221943080425262,0.4466280043125152,2.209404230117798,0.1473926603794098,0.5873541235923767,2.2875518798828125,0.0377707332372665,0.4774233996868133,2.2883214950561523,-0.1918461620807647,dataset\external_videos\correct\P01_correct_004.mp4,994,33.206497,2.0,29.933901083099457,P01,unknown,external_video,0,0.82625055,1,false_positive
0.5540128350257874,0.3959569633007049,-0.4402598738670349,0.5674890279769897,0.3499787747859955,-0.4154666662216186,0.5770597457885742,0.3505676388740539,-0.415315568447113,0.5866490006446838,0.3513752818107605,-0.4152382612228393,0.536626398563385,0.3464595973491668,-0.4231955409049988,0.5244269371032715,0.3446199297904968,-0.4229892492294311,0.5138245820999146,0.3430542051792145,-0.4232021272182464,0.5965002179145813,0.3710493743419647,-0.2304829061031341,0.4919143915176391,0.3584298491477966,-0.25946244597435,0.5695469379425049,0.4506673216819763,-0.3689794242382049,0.5346668362617493,0.4457147419452667,-0.3771162033081054,0.6609238386154175,0.6276010870933533,-0.1179070100188255,0.4133318662643432,0.6196503639221191,-0.2026177048683166,0.6821266412734985,0.9252236485481262,-0.0795378610491752,0.3770703375339508,0.9053696990013124,-0.1753988564014434,0.665899932384491,1.1665780544281006,-0.2973184287548065,0.4482431411743164,1.116352677345276,-0.3852337002754211,0.6757472157478333,1.2454521656036377,-0.3604436814785003,0.456555038690567,1.1979010105133057,-0.4467929005622864,0.657737672328949,1.2269747257232666,-0.4003514647483825,0.4727697968482971,1.1675270795822144,-0.4786368012428283,0.6485320329666138,1.1929326057434082,-0.3250466585159302,0.4737082123756408,1.134443998336792,-0.4037304520606994,0.6152387857437134,1.2228994369506836,-0.0028162922244518,0.4484353065490722,1.2248587608337402,0.0049828230403363,0.6043021082878113,1.6997456550598145,0.0030460453126579,0.4508213698863983,1.7102603912353516,-0.0362798124551773,0.6033550500869751,2.148487329483032,0.3088101744651794,0.4492054879665375,2.150199174880981,0.143442615866661,0.6057623028755188,2.216188430786133,0.3230880796909332,0.4452703297138214,2.2148444652557373,0.1523347198963165,0.5845043659210205,2.294415235519409,0.0374869592487812,0.474770188331604,2.295515537261963,-0.1895698010921478,dataset\external_videos\correct\P01_correct_004.mp4,1008,33.674194,2.0,29.933901083099457,P01,unknown,external_video,0,0.5966191,1,false_positive
0.5179689526557922,0.3167820572853088,-0.1219763457775116,0.5294426679611206,0.2677667737007141,-0.0957621857523918,0.5324262380599976,0.265665054321289,-0.0959547087550163,0.5350675582885742,0.2638370394706726,-0.0963634997606277,0.5144826173782349,0.2682633399963379,-0.1230538710951805,0.5089291930198669,0.2673659324645996,-0.1226547285914421,0.5034403204917908,0.2665867507457733,-0.1226829290390014,0.5171229243278503,0.2730508148670196,0.1137252524495124,0.4867226183414459,0.2763841450214386,-0.0035663582384586,0.5334188938140869,0.3494335412979126,-0.03751240670681,0.5138805508613586,0.3467380106449127,-0.0722572952508926,0.5928350687026978,0.4988276064395904,0.2383996546268463,0.4387213885784149,0.4498288631439209,-0.0411900915205478,0.6343973278999329,0.7650044560432434,0.243656501173973,0.4034930467605591,0.6798847913742065,-0.313882440328598,0.6284037232398987,0.8272258043289185,0.0777942314743995,0.45291867852211,0.7498940825462341,-0.6193760633468628,0.6236948370933533,0.8696531653404236,0.0270602200180292,0.4368589520454407,0.8087566494941711,-0.6798131465911865,0.6174662709236145,0.8259153366088867,0.0068021034821867,0.459333598613739,0.7758294343948364,-0.6748512387275696,0.6138598322868347,0.8141453266143799,0.060160219669342,0.4602830111980438,0.7664052844047546,-0.6251445412635803,0.5822418332099915,1.0495092868804932,0.068590298295021,0.4619229137897491,1.0349931716918943,-0.0670471414923667,0.6045347452163696,1.584123611450195,-0.0189914461225271,0.4885056614875793,1.590145707130432,-0.1021582558751106,0.5998385548591614,2.107797384262085,0.141382411122322,0.4887146353721618,2.1406373977661133,-0.1071229353547096,0.5999677777290344,2.155858278274536,0.1419010162353515,0.471384197473526,2.199471235275269,-0.114335298538208,0.6106330156326294,2.265566110610962,-0.1027994528412818,0.519059956073761,2.2836267948150635,-0.427487850189209,dataset\external_videos\incorrect\P01_incorrect_001.mp4,0,0.0,2.0,29.96567986036269,P01,unknown,external_video,1,0.0934041,0,false_negative
0.527547299861908,0.3398886024951935,0.0281721819192171,0.5285990238189697,0.2911538183689117,0.0528381429612636,0.5288732051849365,0.2892733514308929,0.0525437742471694,0.5280050039291382,0.2870923578739166,0.0521448478102684,0.5165483951568604,0.2884909212589264,-0.0056807561777532,0.5111846327781677,0.2854709327220917,-0.0056263203732669,0.5054228901863098,0.2826696932315826,-0.0057815294712781,0.5018813014030457,0.2821732461452484,0.2015050947666168,0.4822483658790588,0.2839318215847015,-0.0380524210631847,0.5303524136543274,0.3703801333904266,0.0904309228062629,0.5144417881965637,0.3653793036937713,0.0141733596101403,0.491533488035202,0.4419778287410736,0.3264635801315307,0.4253838956356048,0.4130367636680603,-0.1609207987785339,0.5312374830245972,0.658079206943512,0.4670708775520324,0.4108985960483551,0.6564882397651672,-0.2499071210622787,0.5733117461204529,0.7642164826393127,0.3941709399223327,0.550702691078186,0.6391739249229431,-0.2888941764831543,0.5857373476028442,0.8094794750213623,0.3641839623451233,0.5821177363395691,0.6365360021591187,-0.2887185215950012,0.5793836116790771,0.7743337154388428,0.317653626203537,0.58851158618927,0.6015102863311768,-0.277507871389389,0.572409451007843,0.7639007568359375,0.3667213022708893,0.5709583759307861,0.6062381267547607,-0.2577071189880371,0.5074990391731262,0.9752731919288636,0.1266200393438339,0.4514243900775909,0.9228940606117249,-0.1259800046682357,0.5331664085388184,1.4593093395233154,0.0734666138887405,0.4547112882137298,1.4800833463668823,-0.1458401530981063,0.5449379086494446,1.9297062158584597,0.1731530129909515,0.4599246978759765,2.002437114715576,-0.1733464300632476,0.5318785309791565,1.9852100610733032,0.1717288792133331,0.4294319748878479,2.0767149925231934,-0.1801261901855468,0.5922910571098328,2.072840690612793,-0.0388568267226219,0.4989859461784363,2.1194958686828613,-0.3975231349468231,dataset\external_videos\incorrect\P01_incorrect_001.mp4,14,0.467201,2.0,29.96567986036269,P01,unknown,external_video,1,0.42751467,0,false_negative
0.527354896068573,0.3247971832752228,0.0261711310595273,0.5213531851768494,0.284469336271286,0.0510454550385475,0.520501434803009,0.2834715545177459,0.0508296974003315,0.5194258689880371,0.2825091779232025,0.0505469180643558,0.5144387483596802,0.2831745743751526,-0.0033406007569283,0.5096320509910583,0.2816564738750458,-0.0031385312322527,0.5042551755905151,0.2803251445293426,-0.0031156183686107,0.4958564937114715,0.2822119891643524,0.1964847296476364,0.4772838652133941,0.2837468385696411,-0.0440597720444202,0.523292601108551,0.3575577139854431,0.084070011973381,0.513008177280426,0.3534983396530151,0.0126835945993661,0.472890168428421,0.4487597644329071,0.3408989012241363,0.4279781877994537,0.4120670258998871,-0.1865515857934951,0.5042189359664917,0.6432136297225952,0.5273699760437012,0.4242399632930755,0.6483768820762634,-0.3439503014087677,0.5715451836585999,0.6672660112380981,0.5668203234672546,0.5583638548851013,0.6093539595603943,-0.3897121846675873,0.5870930552482605,0.6838802099227905,0.561075747013092,0.5911831259727478,0.6019513010978699,-0.4121578633785248,0.5871685147285461,0.6544109582901001,0.5173074007034302,0.5938436388969421,0.5792602896690369,-0.4053880870342254,0.5807291865348816,0.6536253690719604,0.5421950221061707,0.57282954454422,0.5909379720687866,-0.3838635087013244,0.4932311773300171,0.9533773064613342,0.1546870619058609,0.4425735771656036,0.9438524842262268,-0.1534384340047836,0.5372265577316284,1.4235845804214478,0.0800282284617424,0.4589507281780243,1.4666903018951416,-0.1412026733160019,0.5588420629501343,1.8931227922439573,0.1825311183929443,0.482228010892868,1.9810208082199097,-0.1481675058603286,0.552434504032135,1.9475669860839844,0.1799631118774414,0.4505958259105682,2.0537238121032715,-0.1547688692808151,0.6223623752593994,2.010617733001709,-0.016289522871375,0.5436462759971619,2.07199501991272,-0.3962129056453705,dataset\external_videos\incorrect\P01_incorrect_001.mp4,28,0.934402,2.0,29.96567986036269,P01,unknown,external_video,1,0.119248405,0,false_negative
0.527003824710846,0.3292819261550903,0.0235575046390295,0.518683135509491,0.2884129583835602,0.04159826785326,0.5177260041236877,0.2872880697250366,0.0414865873754024,0.5168501734733582,0.2860949039459228,0.0409934483468532,0.513799786567688,0.2855614423751831,-0.0012344467686489,0.5094336867332458,0.2829947471618652,-0.0009045393089763,0.5042359232902527,0.2806664109230041,-0.0010273880325257,0.4985291361808777,0.2820432186126709,0.1709422618150711,0.4788531959056854,0.2823371887207031,-0.026471933349967,0.5201985239982605,0.3590137958526611,0.0758394077420234,0.5124418139457703,0.3544117510318756,0.0188565347343683,0.4896518290042877,0.454124391078949,0.2541095018386841,0.4157347977161407,0.4110163450241089,-0.1210090816020965,0.5394545197486877,0.6571494340896606,0.4851499199867248,0.4228646457195282,0.6227318048477173,-0.258354127407074,0.5816721320152283,0.7109727263450623,0.639573872089386,0.558746337890625,0.6151534914970398,-0.3310494720935821,0.5923237204551697,0.7445664405822754,0.6473044157028198,0.5823068022727966,0.6345733404159546,-0.3592200875282287,0.5880033373832703,0.7108967900276184,0.6141541004180908,0.5845377445220947,0.6128990650177002,-0.3909813463687897,0.5832213163375854,0.7057259678840637,0.6255075335502625,0.5650913715362549,0.5839557647705078,-0.340094119310379,0.5082885026931763,0.9839383959770204,0.0945419743657112,0.4329851567745209,0.9628693461418152,-0.0935249328613281,0.5420425534248352,1.4395015239715576,0.0555030107498168,0.4551689028739929,1.4616700410842896,-0.09339489787817,0.5642873644828796,1.896345853805542,0.1950135827064514,0.4804578721523285,1.9493783712387085,-0.0663723722100257,0.5568026900291443,1.954222321510315,0.1957590878009796,0.458163321018219,2.0167906284332275,-0.0700344070792198,0.6153148412704468,2.011765241622925,-0.0112750986590981,0.5244264602661133,2.052168369293213,-0.326180100440979,dataset\external_videos\incorrect\P01_incorrect_001.mp4,42,1.401603,2.0,29.96567986036269,P01,unknown,external_video,1,0.47620466,0,false_negative
0.5265993475914001,0.3417775332927704,0.0184825286269187,0.5190173983573914,0.3011164367198944,0.0376437194645404,0.5182397365570068,0.2994995713233948,0.0376607067883014,0.517333984375,0.2974291145801544,0.0373270139098167,0.5138986706733704,0.2967842221260071,-0.0169826094061136,0.5096051692962646,0.2931443154811859,-0.0166652128100395,0.5045673251152039,0.2896339297294616,-0.0165235511958599,0.4981521964073181,0.2917521595954895,0.1577081233263015,0.4816208779811859,0.2896864116191864,-0.0829621031880378,0.5187852382659912,0.3693116307258606,0.0664831846952438,0.5122426748275757,0.3630511164665222,-0.0061106067150831,0.4466095864772796,0.4446967542171478,0.2827191650867462,0.4238570034503937,0.4007586240768432,-0.2335415929555893,0.4843427240848541,0.6001828908920288,0.5467702746391296,0.4771385192871094,0.5418352484703064,-0.4256462156772613,0.5673901438713074,0.6142322421073914,0.6672884225845337,0.5781514644622803,0.5677654147148132,-0.458907812833786,0.5884535908699036,0.6196638345718384,0.6744021773338318,0.6042416095733643,0.5608798861503601,-0.4863880574703216,0.5876136422157288,0.6002040505409241,0.6218357682228088,0.6045801043510437,0.5329519510269165,-0.487060397863388,0.5800102353096008,0.6059638261795044,0.6412731409072876,0.5940476655960083,0.5372869968414307,-0.4569792449474334,0.4632681906223297,0.9736184477806092,0.13385671377182,0.4272818565368652,0.957077145576477,-0.1327481418848037,0.5014297962188721,1.4213217496871948,0.0857089087367057,0.4513877928256988,1.4496177434921265,-0.1573706418275833,0.5311006903648376,1.8816996812820437,0.2154246866703033,0.4801772534847259,1.9320290088653564,-0.1340055465698242,0.5155413746833801,1.943763732910156,0.2232515662908554,0.4522555470466614,2.0012106895446777,-0.1373074948787689,0.6144043803215027,1.971403241157532,0.063305526971817,0.5182899236679077,2.0113613605499268,-0.3742632865905761,dataset\external_videos\incorrect\P01_incorrect_001.mp4,56,1.868805,2.0,29.96567986036269,P01,unknown,external_video,1,0.42233834,0,false_negative
0.5268193483352661,0.3313287198543548,-0.0007167464937083,0.5196762681007385,0.2912316918373108,0.0251763984560966,0.51933354139328,0.2898755967617035,0.0251480154693126,0.5185604691505432,0.2882048189640045,0.0249705221503973,0.5142439007759094,0.2879247963428497,-0.0330836214125156,0.5099227428436279,0.2849218547344208,-0.0328380912542343,0.5048619508743286,0.2820645868778229,-0.032752014696598,0.4972971081733703,0.2875049710273742,0.1652521789073944,0.4820137619972229,0.2858886420726776,-0.0981486588716507,0.5189501643180847,0.3614064157009125,0.0535526238381862,0.5121917724609375,0.3568025231361389,-0.0231265146285295,0.4607468545436859,0.4446910619735718,0.2961209118366241,0.4248262345790863,0.404919296503067,-0.2463005483150482,0.5105727910995483,0.5828495025634766,0.4603034555912018,0.4729829132556915,0.5718993544578552,-0.4062598347663879,0.581714928150177,0.5627046823501587,0.4424172937870025,0.5855277180671692,0.5666600465774536,-0.4122531116008758,0.6029816269874573,0.5309222340583801,0.4239246249198913,0.609253466129303,0.5527176260948181,-0.4426594972610473,0.5972033143043518,0.5179985165596008,0.3808913826942444,0.6081694960594177,0.5296080112457275,-0.4421776533126831,0.5908507108688354,0.5241568088531494,0.4154393970966339,0.5994428992271423,0.5387360453605652,-0.4110178351402282,0.4773002564907074,0.9552116990089417,0.146705761551857,0.4253464043140411,0.946160852909088,-0.1453102529048919,0.5125201940536499,1.4031637907028198,0.0696536004543304,0.4436339735984802,1.4321590662002563,-0.1609691530466079,0.539479672908783,1.852737307548523,0.2022469490766525,0.4676428735256195,1.908618211746216,-0.1398929506540298,0.5281258225440979,1.90861976146698,0.2028605788946151,0.4415481388568878,1.973222255706787,-0.1443894952535629,0.6049943566322327,1.9480421543121336,0.06117944419384,0.510208249092102,1.9919955730438232,-0.3946219086647033,dataset\external_videos\incorrect\P01_incorrect_001.mp4,70,2.336006,2.0,29.96567986036269,P01,unknown,external_video,1,0.075503424,0,false_negative
0.5265452265739441,0.3245110809803009,-0.0200906079262495,0.5196001529693604,0.2841270864009857,0.0107120154425501,0.5193049907684326,0.2825996279716491,0.0107016088441014,0.5185873508453369,0.2808148562908172,0.0105320159345865,0.5139804482460022,0.2822747528553009,-0.0454589389264583,0.5095199346542358,0.2799453735351562,-0.0452432408928871,0.5042393207550049,0.2777495980262756,-0.0452408082783222,0.4978587925434112,0.2829218506813049,0.1646069437265396,0.479514867067337,0.2844988405704498,-0.0941725820302963,0.5185944437980652,0.3568715453147888,0.0379325672984123,0.511472225189209,0.3525101542472839,-0.0350035987794399,0.4749708771705627,0.4330041706562042,0.2858305275440216,0.4165816009044647,0.4078615307807922,-0.2168990969657898,0.53277987241745,0.5826310515403748,0.4153715968132019,0.4318786263465881,0.6060961484909058,-0.3199936747550964,0.5894813537597656,0.5461830496788025,0.3864999115467071,0.5688748955726624,0.5849113464355469,-0.2317028194665908,0.6079134345054626,0.5395655035972595,0.3643219769001007,0.59306800365448,0.5837135314941406,-0.2392128854990005,0.5996749997138977,0.5154086351394653,0.3371198773384094,0.5911503434181213,0.5572896599769592,-0.2424182146787643,0.5856563448905945,0.5420428514480591,0.3656840026378631,0.5783512592315674,0.562413215637207,-0.226485475897789,0.4900543391704559,0.9248508214950562,0.141275018453598,0.4254809319972992,0.9207351803779602,-0.1397248953580856,0.5189051628112793,1.3667577505111694,0.0722833350300788,0.440988540649414,1.398423671722412,-0.1432457119226455,0.5405212044715881,1.8061014413833616,0.1934103071689605,0.455923855304718,1.870075345039368,-0.131434217095375,0.5301011800765991,1.8624168634414675,0.1918627470731735,0.4320573508739471,1.937041163444519,-0.1375633627176284,0.6003248691558838,1.9048527479171755,0.043262206017971,0.5068690180778503,1.956278204917908,-0.3882961869239807,dataset\external_videos\incorrect\P01_incorrect_001.mp4,84,2.803207,2.0,29.96567986036269,P01,unknown,external_video,1,0.09936288,0,false_negative
0.526359498500824,0.3231153190135956,-0.0261452458798885,0.5195571184158325,0.2846950590610504,-7.002932397881523e-05,0.5189804434776306,0.2831301689147949,-7.180219836300239e-05,0.5178450345993042,0.2812613546848297,-0.0003139882464893,0.5141037702560425,0.2823428213596344,-0.0529533214867115,0.5098077058792114,0.2796036303043365,-0.0526953302323818,0.5047639608383179,0.2770671248435974,-0.0526274889707565,0.4972918331623077,0.2824374437332153,0.1339429914951324,0.4812287390232086,0.2846207022666931,-0.1063214093446731,0.5176646113395691,0.3540549576282501,0.0251529645174741,0.5113425850868225,0.3504879772663116,-0.0434999428689479,0.4652649462223053,0.4268127381801605,0.2522679269313812,0.418050616979599,0.4057538509368896,-0.2269055545330047,0.5041057467460632,0.5821979641914368,0.4340810477733612,0.4245714247226715,0.6136339902877808,-0.3399458825588226,0.5779144167900085,0.5545118451118469,0.46039479970932,0.5562363266944885,0.5898756980895996,-0.3152971863746643,0.5952886343002319,0.5515440702438354,0.4473763406276703,0.5805355310440063,0.5791313052177429,-0.3316856920719147,0.5910617709159851,0.5288505554199219,0.4114821255207062,0.5788702368736267,0.552841067314148,-0.3304014205932617,0.5818145871162415,0.5384005904197693,0.4382295608520508,0.5660119652748108,0.5611954927444458,-0.3100911676883697,0.4765088260173797,0.8954682350158691,0.137138232588768,0.422329306602478,0.889001190662384,-0.1357691287994384,0.5035620927810669,1.3342616558074951,0.0768330246210098,0.4342274367809295,1.362844705581665,-0.1565456241369247,0.5212574601173401,1.77345871925354,0.2042346447706222,0.4398222267627716,1.8295778036117556,-0.1349433064460754,0.5086803436279297,1.8279510736465452,0.2046587616205215,0.4157583117485046,1.893985748291016,-0.1386667191982269,0.5837253332138062,1.869750738143921,0.0475826151669025,0.4929660260677337,1.9142905473709104,-0.3831748962402344,dataset\external_videos\incorrect\P01_incorrect_001.mp4,98,3.270408,2.0,29.96567986036269,P01,unknown,external_video,1,0.19509129,0,false_negative
0.5262073874473572,0.3246710896492004,0.0146425478160381,0.5199398994445801,0.2891573905944824,0.0363598577678203,0.5195006132125854,0.2873930037021637,0.0361731834709644,0.5189188718795776,0.2854887247085571,0.0358931422233581,0.5162290334701538,0.2872183918952942,-0.0111292619258165,0.5125390291213989,0.2841760218143463,-0.0109738791361451,0.5081193447113037,0.2810873091220855,-0.0110098030418157,0.498412549495697,0.2868135571479797,0.144510805606842,0.4816214740276336,0.2861425280570984,-0.0815662518143653,0.517316997051239,0.3532939851284027,0.0589069575071334,0.5111387968063354,0.3512263894081116,-0.0038952494505792,0.4748600423336029,0.4164970815181732,0.2423167079687118,0.420142263174057,0.3915183544158935,-0.1782068759202957,0.5109272599220276,0.5525751113891602,0.385164201259613,0.4279149174690246,0.5937014818191528,-0.2329752743244171,0.5666220188140869,0.5598177909851074,0.3625022172927856,0.5561804175376892,0.5831373929977417,-0.1679558455944061,0.5862406492233276,0.5356887578964233,0.3381450474262237,0.5772124528884888,0.5740557909011841,-0.1790355741977691,0.5771984457969666,0.5238676071166992,0.3142936527729034,0.5776346921920776,0.5438981056213379,-0.1898123174905777,0.5689142942428589,0.5315060019493103,0.3445539176464081,0.567778468132019,0.5484213829040527,-0.1670331805944442,0.4705445468425751,0.825275719165802,0.1209124624729156,0.42310431599617,0.8170992136001587,-0.1198286116123199,0.4993281662464142,1.1840598583221436,0.0385805517435073,0.447539359331131,1.2058072090148926,-0.1274578720331192,0.512889564037323,1.578512191772461,0.0655377507209777,0.4498968720436096,1.6245273351669312,-0.178766444325447,0.5010448694229126,1.633715271949768,0.0618012696504592,0.4191217422485351,1.6933077573776243,-0.1835713535547256,0.5575011372566223,1.6763139963150024,-0.032529279589653,0.51507967710495,1.703821063041687,-0.3237118721008301,dataset\external_videos\incorrect\P01_incorrect_001.mp4,126,4.20481,2.0,29.96567986036269,P01,unknown,external_video,1,0.17474584,0,false_negative
0.5261130332946777,0.3232684731483459,-0.0027114315889775,0.5198841691017151,0.2870543003082275,0.0152411796152591,0.5190861225128174,0.2852871716022491,0.015082742087543,0.5178490877151489,0.2834080159664154,0.0148222036659717,0.516491174697876,0.2856173813343048,-0.0298839341849088,0.5132302641868591,0.2829364240169525,-0.0297285988926887,0.5094828009605408,0.280247300863266,-0.0297585204243659,0.4940693974494934,0.2856084406375885,0.1255949884653091,0.4817864298820495,0.2855712473392486,-0.1165635138750076,0.5164310336112976,0.3524260818958282,0.0375096835196018,0.511162281036377,0.350229412317276,-0.0172838177531957,0.4388318657875061,0.4161384105682373,0.1966002583503723,0.4210051894187927,0.3926886618137359,-0.1991589069366455,0.47745281457901,0.556739866733551,0.2401702851057052,0.4520729780197143,0.5758392810821533,-0.2075464278459549,0.5363593697547913,0.5805431604385376,0.1540800929069519,0.5568780303001404,0.5684948563575745,-0.0411426872014999,0.5526773929595947,0.5801162719726562,0.1244177669286727,0.580205500125885,0.5642574429512024,-0.0414858609437942,0.5564471483230591,0.5606144666671753,0.0933490917086601,0.5762688517570496,0.5400353074073792,-0.0421392507851123,0.5504105687141418,0.5657161474227905,0.1318831592798233,0.5691604614257812,0.5415436029434204,-0.0366222187876701,0.4432180821895599,0.8056974411010742,0.1148729249835014,0.4258719682693481,0.8038830161094666,-0.11392143368721,0.4738193154335022,1.127179503440857,0.152626559138298,0.459297776222229,1.1309590339660645,-0.086287721991539,0.5141690373420715,1.4449926614761353,0.2548086941242218,0.4899445474147796,1.5083767175674438,-0.0367434658110141,0.5061789751052856,1.4989032745361328,0.260830819606781,0.4663861989974975,1.5740054845809937,-0.0279433447867631,0.5879797339439392,1.504186749458313,0.2013666778802871,0.562912106513977,1.559188961982727,-0.1197736337780952,dataset\external_videos\incorrect\P01_incorrect_001.mp4,140,4.672011,2.0,29.96567986036269,P01,unknown,external_video,1,0.028841227,0,false_negative
0.5235917568206787,0.3228103816509247,-0.054448839277029,0.517553985118866,0.2861938178539276,-0.0365610308945179,0.5165934562683105,0.2843909859657287,-0.0366905853152275,0.5151995420455933,0.2824194133281708,-0.0369222052395343,0.5146600604057312,0.2845278084278106,-0.0812665522098541,0.5116242170333862,0.2818248867988586,-0.0812015160918235,0.5080157518386841,0.2791441679000854,-0.081117071211338,0.4900198876857757,0.2846089899539947,0.0505650267004966,0.4803453087806701,0.284715324640274,-0.1534784734249115,0.5129708051681519,0.3521612584590912,-0.0187790226191282,0.5081664323806763,0.3496221303939819,-0.0761255472898483,0.4417718052864074,0.4183195233345032,0.1405082046985626,0.4203872978687286,0.4080354273319244,-0.2299334108829498,0.4815327525138855,0.5427037477493286,0.1964071691036224,0.4437685906887054,0.5998515486717224,-0.2140214890241623,0.5506306290626526,0.511005699634552,0.1121782213449478,0.5548047423362732,0.5802081227302551,-0.0772584304213523,0.5686852931976318,0.5172204971313477,0.0846004784107208,0.5769737958908081,0.565733790397644,-0.0892398208379745,0.5672953128814697,0.4947350919246673,0.0548212639987468,0.574784517288208,0.5305840969085693,-0.0875089317560195,0.5601069331169128,0.5046267509460449,0.0910476669669151,0.5675833225250244,0.5359614491462708,-0.073553554713726,0.4383944869041443,0.7960329055786133,0.1178064420819282,0.426975280046463,0.8211067318916321,-0.116929791867733,0.5128941535949707,0.8568078875541687,0.1389425545930862,0.5230154395103455,0.931387424468994,-0.1033651307225227,0.5488663911819458,1.0938825607299805,0.2494614124298095,0.5516632795333862,1.1529594659805298,-0.0257866773754358,0.5411092042922974,1.1386905908584597,0.2562974691390991,0.5290300846099854,1.1855275630950928,-0.0134545480832457,0.6080080270767212,1.131103515625,0.2398758977651596,0.6292005777359009,1.203398823738098,-0.0486628040671348,dataset\external_videos\incorrect\P01_incorrect_001.mp4,154,5.139213,2.0,29.96567986036269,P01,unknown,external_video,1,0.012069127,0,false_negative
0.5205444097518921,0.3216552734375,-0.0563772358000278,0.5157259702682495,0.2850055694580078,-0.0405585020780563,0.5150106549263,0.283241331577301,-0.0406718850135803,0.5139259696006775,0.2813325524330139,-0.0409090034663677,0.51240074634552,0.2835033535957336,-0.0829705148935318,0.5092124938964844,0.2809126079082489,-0.0828331187367439,0.5052513480186462,0.2783243954181671,-0.0827571153640747,0.490180104970932,0.2839027047157287,0.0381247773766517,0.478496640920639,0.2841057777404785,-0.151469275355339,0.5106307864189148,0.3483152091503143,-0.0221484862267971,0.505422830581665,0.3468506038188934,-0.0771331340074539,0.4344177842140198,0.4113494455814361,0.1311806887388229,0.4268182814121246,0.4089071750640869,-0.2192914485931396,0.4669330716133117,0.5450524687767029,0.1886198967695236,0.4767639338970184,0.5836448073387146,-0.184751346707344,0.5480566620826721,0.4965303242206573,0.1006095558404922,0.5594061017036438,0.5549831986427307,-0.0014766975073143,0.5644521117210388,0.4979847073554992,0.0723469406366348,0.5851671099662781,0.5354031324386597,-0.0050534675829112,0.5605468153953552,0.4788804650306701,0.0488841198384761,0.5777603983879089,0.5077856779098511,-0.0086163589730858,0.554120659828186,0.4888243377208709,0.0821704566478729,0.5694442987442017,0.5141230225563049,0.0006995687726885,0.4260483980178833,0.7578725814819336,0.1171569898724556,0.4273161590099334,0.7731887102127075,-0.1165057271718978,0.4872581660747528,0.9146624207496644,0.1937219500541687,0.5066640973091125,0.977974534034729,-0.0631645694375038,0.5238947868347168,1.1615959405899048,0.3242046236991882,0.528908371925354,1.2247782945632937,0.0349023304879665,0.5156022906303406,1.2100080251693726,0.3341536223888397,0.5046479105949402,1.2679164409637451,0.0493686199188232,0.5831041932106018,1.1914920806884766,0.3252776861190796,0.6037473082542419,1.2586047649383545,0.0113370586186647,dataset\external_videos\incorrect\P01_incorrect_001.mp4,168,5.606414,2.0,29.96567986036269,P01,unknown,external_video,1,0.008398614,0,false_negative
0.4995975196361542,0.303089439868927,-0.0715118497610092,0.4948927760124206,0.2777312994003296,-0.060454536229372,0.4935640096664428,0.2767236530780792,-0.0605678632855415,0.4919304251670837,0.2755215167999267,-0.0606954507529735,0.4926826655864715,0.278013676404953,-0.1007700935006141,0.4900048971176147,0.2772783041000366,-0.1008288711309433,0.4867660105228424,0.2762558162212372,-0.100815862417221,0.4727640151977539,0.279384970664978,0.005258647724986,0.4684603810310364,0.2814351618289947,-0.1722960323095321,0.4921741485595703,0.3265160918235779,-0.0428125374019146,0.4888932108879089,0.3256274759769439,-0.0942745879292488,0.4412821233272552,0.3853891491889953,0.1260859668254852,0.4316042363643646,0.4065351486206054,-0.2435977011919021,0.4938468337059021,0.5183571577072144,0.1800709813833236,0.5037627220153809,0.5710957050323486,-0.2212616503238678,0.5484955310821533,0.4680796563625335,0.1055315509438514,0.5621626973152161,0.4762299060821533,-0.0529381893575191,0.5671249032020569,0.4473187923431396,0.1004100814461708,0.5813987255096436,0.4602014422416687,-0.0670203790068626,0.5638850331306458,0.4336146712303161,0.0839028432965278,0.5711811780929565,0.438074916601181,-0.0562201142311096,0.5565216541290283,0.4407316446304321,0.0942107364535331,0.56513911485672,0.4437220394611358,-0.0453485921025276,0.4158641397953033,0.6542847752571106,0.1208672001957893,0.404622346162796,0.7164954543113708,-0.1205645501613617,0.5452556610107422,0.6307032108306885,0.1963478177785873,0.55600506067276,0.7546916604042053,-0.1740952283143997,0.4783578515052795,0.7852897644042969,0.2900852859020233,0.4708910286426544,0.8760395050048828,0.0397233590483665,0.4576861262321472,0.8125474452972412,0.2986589074134826,0.438268095254898,0.882245659828186,0.0687321573495864,0.477707028388977,0.8406959176063538,0.3437673449516296,0.4891082644462585,0.9253144264221193,0.1465213894844055,dataset\external_videos\incorrect\P01_incorrect_001.mp4,1008,33.638483,2.0,29.96567986036269,P01,unknown,external_video,1,0.006817091,0,false_negative
0.5481647849082947,0.235369399189949,-0.3927475214004516,0.5473414659500122,0.1936603337526321,-0.3599267899990082,0.5491197109222412,0.1934760361909866,-0.3602230250835418,0.5505057573318481,0.1928939968347549,-0.36048424243927,0.5314232110977173,0.192357987165451,-0.4035402238368988,0.5210716128349304,0.1907507926225662,-0.4036659896373749,0.5095874071121216,0.1891612410545349,-0.4038200974464416,0.5200797319412231,0.2016457468271255,-0.18263640999794,0.4698415100574493,0.2036998569965362,-0.3768127262592315,0.5432183146476746,0.277365505695343,-0.3220235407352447,0.5259162783622742,0.2757188975811004,-0.3756074607372284,0.5360591411590576,0.3986323475837707,-0.0396664924919605,0.3853358030319214,0.4196762442588806,-0.3957496881484985,0.613981306552887,0.6029304265975952,-0.0334012918174266,0.4539307951927185,0.7433862686157227,-0.3792029619216919,0.5489923357963562,0.7208039164543152,-0.2931680679321289,0.5591723322868347,0.7104607224464417,-0.2497619092464447,0.5342078804969788,0.7995981574058533,-0.351605474948883,0.6023076772689819,0.7728901505470276,-0.2804952263832092,0.5093680024147034,0.7613584995269775,-0.3420549631118774,0.588650643825531,0.6862552762031555,-0.2913320958614349,0.5122978091239929,0.7254189252853394,-0.2981899082660675,0.5855240225791931,0.7032749056816101,-0.2482781410217285,0.4541869163513183,0.8664160966873169,0.1150827631354332,0.3602535426616668,0.9084368944168092,-0.1143683493137359,0.5931136012077332,1.1415090560913086,0.0777726098895073,0.4268071353435516,1.2070128917694092,-0.0551084876060485,0.5343860387802124,1.4375816583633425,0.4259747862815857,0.386019766330719,1.533831000328064,0.2264610677957534,0.5077816843986511,1.4728333950042725,0.4544859528541565,0.3566788733005523,1.5828031301498413,0.2510116696357727,0.5788183212280273,1.587214112281799,0.3697015047073364,0.4469543397426605,1.6707178354263306,0.1167306452989578,dataset\external_videos\incorrect\P01_incorrect_002.mp4,1078,35.98558,2.0,29.956443618393493,P01,unknown,external_video,1,0.07242607,0,false_negative
0.5577573180198669,0.5008005499839783,-0.6398085951805115,0.5746756196022034,0.4480294585227966,-0.6169948577880859,0.5866793990135193,0.4463799893856048,-0.6168501377105713,0.5964402556419373,0.4444341361522674,-0.6166000962257385,0.5380163192749023,0.4472950100898742,-0.6128390431404114,0.5265371799468994,0.4446508884429931,-0.612574577331543,0.5173733234405518,0.4405117630958557,-0.6127008199691772,0.6098094582557678,0.4551063776016235,-0.3838766515254974,0.5032975077629089,0.4514844417572021,-0.3698712289333343,0.5794237852096558,0.5586052536964417,-0.5464627146720886,0.5362693071365356,0.5544886589050293,-0.5414880514144897,0.688377320766449,0.698516309261322,-0.2576692104339599,0.4410830736160278,0.688141405582428,-0.1479837745428085,0.7322096228599548,0.9921301007270812,-0.4560567438602447,0.3967578113079071,0.978007674217224,-0.2821730375289917,0.4948259592056274,0.9883936047554016,-0.6364675164222717,0.4365201890468597,1.029622197151184,-0.7897571325302124,0.4307629764080047,0.9646698832511902,-0.6989752054214478,0.4457915723323822,1.045591950416565,-0.8821729421615601,0.4302896857261657,0.9154505133628844,-0.6539520025253296,0.3959880471229553,0.9651727676391602,-0.877061128616333,0.4515520334243774,0.9170446395874025,-0.6189672350883484,0.4100521802902221,0.9633958339691162,-0.8024460673332214,0.6511204242706299,1.3195942640304563,-0.0322946719825267,0.4722908735275268,1.3214704990386963,0.0349473357200622,0.6329511404037476,1.8371272087097168,-0.1241337582468986,0.4646468460559845,1.8309069871902464,-0.118945725262165,0.6234076023101807,2.311796903610229,0.0938250198960304,0.4644826054573059,2.313339233398437,-0.0327782668173313,0.6286466717720032,2.376735210418701,0.0944489613175392,0.4644926190376282,2.3841094970703125,-0.0398485995829105,0.590327262878418,2.47184419631958,-0.291549414396286,0.4818837344646454,2.4646315574646,-0.4496394097805023,dataset\external_videos\incorrect\P01_incorrect_003.mp4,2324,77.602672,2.0,29.947422438847926,P01,unknown,external_video,1,0.0073067714,0,false_negative
0.5514624714851379,0.5028895139694214,-0.7316953539848328,0.5716381669044495,0.448117196559906,-0.717052698135376,0.5843947529792786,0.4469525516033172,-0.7168576121330261,0.5944541096687317,0.4454189538955688,-0.7166950702667236,0.5314635634422302,0.4489221274852752,-0.7083117365837097,0.5195015668869019,0.4472522139549255,-0.7081159353256226,0.5107894539833069,0.4450806677341461,-0.7082208395004272,0.6094980835914612,0.4559145867824554,-0.4842091202735901,0.4981325566768646,0.4550589323043823,-0.4411774277687073,0.5746648907661438,0.5592309236526489,-0.6347848773002625,0.5298013091087341,0.5580846071243286,-0.622889518737793,0.6853249669075012,0.6956918239593506,-0.3314490020275116,0.4355974793434143,0.6844947338104248,-0.1816622465848922,0.7275040745735168,1.0067225694656372,-0.4619532227516174,0.395033448934555,0.978047788143158,-0.3448204696178436,0.4862640500068664,1.0213350057601929,-0.6584794521331787,0.4083022773265838,1.0209708213806152,-0.9006093144416809,0.4212551414966583,0.9906044006347656,-0.7180219292640686,0.4116637110710144,1.0357218980789185,-0.9955201745033264,0.4196746945381164,0.939855456352234,-0.6702107191085815,0.3904254138469696,0.9433625340461732,-0.9958092570304872,0.4418596625328064,0.9427812695503236,-0.6407533288002014,0.404901921749115,0.9386525750160216,-0.9168304204940796,0.6432526707649231,1.3173149824142456,-0.0357134751975536,0.4626438915729522,1.316400170326233,0.0384172014892101,0.6252385377883911,1.8388175964355469,-0.1250575929880142,0.4548854529857635,1.8307163715362549,-0.0900068581104278,0.6154903769493103,2.3127689361572266,0.1119154468178749,0.4546457827091217,2.31210732460022,0.0183927211910486,0.6214487552642822,2.3777220249176025,0.1147124096751213,0.4553171098232269,2.382006883621216,0.0135355209931731,0.5788584351539612,2.47290587425232,-0.2757917940616607,0.468987762928009,2.465483427047729,-0.3997146785259247,dataset\external_videos\incorrect\P01_incorrect_003.mp4,2338,78.070158,2.0,29.947422438847926,P01,unknown,external_video,1,0.023052678,0,false_negative
0.5652463436126709,0.7271293997764587,-0.9866876006126404,0.5815810561180115,0.683308482170105,-1.0512206554412842,0.59139484167099,0.6789875626564026,-1.0506513118743896,0.6005710959434509,0.674701988697052,-1.0508198738098145,0.5502790212631226,0.6845574378967285,-1.032170653343201,0.5370252728462219,0.680932343006134,-1.032737374305725,0.5278695225715637,0.6768466234207153,-1.032800793647766,0.618087112903595,0.6442317366600037,-0.8779998421669006,0.5194535255432129,0.645943284034729,-0.8513680696487427,0.5827348232269287,0.7395645380020142,-1.0091683864593506,0.5478264093399048,0.7400782108306885,-0.982346534729004,0.7010803818702698,0.7357538938522339,-0.6622121930122375,0.4444593787193298,0.7062114477157593,-0.5897566676139832,0.7453951239585876,0.9368162751197816,-0.6189826130867004,0.4040166139602661,0.9876803755760192,-0.415299117565155,0.5424911975860596,0.8041618466377258,-0.5314838290214539,0.397751122713089,1.0316176414489746,-0.3390245735645294,0.4839917123317718,0.773446261882782,-0.5579800009727478,0.3920678496360779,1.0467324256896973,-0.363637626171112,0.4819184243679046,0.7297948598861694,-0.5314382910728455,0.3816616237163543,0.9703521728515624,-0.3943500220775604,0.4960041046142578,0.7372792363166809,-0.5142359137535095,0.3941459655761719,0.9570173621177672,-0.3511250615119934,0.6446473002433777,1.1771032810211182,-0.0295952502638101,0.5258766412734985,1.1780507564544678,0.0303671769797801,0.6231661438941956,0.9306828379631042,0.214782640337944,0.4785261452198028,1.0325298309326172,0.2612772285938263,0.5954863429069519,1.0532948970794678,0.7614330053329468,0.5352189540863037,1.0952688455581665,0.7424858808517456,0.5893133282661438,1.0799384117126465,0.813835084438324,0.5421648621559143,1.0912864208221436,0.7941509485244751,0.5957599878311157,1.0742183923721311,0.7067825198173523,0.5457565188407898,1.131598949432373,0.6924083232879639,dataset\external_videos\incorrect\P01_incorrect_003.mp4,2422,80.875074,2.0,29.947422438847926,P01,unknown,external_video,1,0.3781792,0,false_negative
0.5826274752616882,0.7616748809814453,-0.8144325613975525,0.5955001711845398,0.71485435962677,-0.8397830724716187,0.6054571270942688,0.7121338844299316,-0.8395663499832153,0.615160346031189,0.7097342610359192,-0.8397315740585327,0.5678160190582275,0.7138466835021973,-0.8373507261276245,0.557503879070282,0.7107787728309631,-0.8375775218009949,0.5483859777450562,0.7076897621154785,-0.8376113176345825,0.6353515982627869,0.6905418038368225,-0.7567024230957031,0.5373943448066711,0.6892089247703552,-0.7676382660865784,0.6027318835258484,0.7792546153068542,-0.7630992531776428,0.5698578953742981,0.7792531847953796,-0.7613461017608643,0.7450506091117859,0.7858932018280029,-0.6004626750946045,0.460669457912445,0.7492061257362366,-0.5225750207901001,0.7751992344856262,0.9339795708656312,-0.5325993895530701,0.4275555312633514,0.9626164436340332,-0.2120539844036102,0.5544549822807312,0.8351876139640808,-0.4813326299190521,0.4020092189311981,0.9925408363342284,-0.1067338958382606,0.4985641241073608,0.8111980557441711,-0.5103756189346313,0.3756551444530487,1.0243374109268188,-0.1260883212089538,0.4698199331760406,0.76158207654953,-0.4855836033821106,0.3815988898277282,0.9546887278556824,-0.1554753333330154,0.47836634516716,0.7411954402923584,-0.4633066356182098,0.3971554338932037,0.940855860710144,-0.1163000836968422,0.6855844855308533,1.1753737926483154,-0.0311365146189928,0.5564647912979126,1.180423617362976,0.0316165573894977,0.6585357785224915,0.8893557786941528,0.4176415205001831,0.5318771004676819,0.9528990387916564,0.4394607245922088,0.6151662468910217,0.8345872163772583,0.9972225427627563,0.5765528082847595,0.8647555708885193,0.9809446334838868,0.601100504398346,0.8291956782341003,1.0563350915908811,0.5809052586555481,0.8464017510414124,1.04059636592865,0.6223494410514832,0.8423693180084229,0.9844712615013124,0.5853544473648071,0.8563005328178406,0.9650309681892396,dataset\external_videos\incorrect\P01_incorrect_003.mp4,2436,81.34256,2.0,29.947422438847926,P01,unknown,external_video,1,0.18520147,0,false_negative
0.567665159702301,0.4735643267631531,-0.2411396652460098,0.5798238515853882,0.4355645477771759,-0.2206273376941681,0.5874797105789185,0.4373827874660492,-0.2207918167114257,0.593106210231781,0.4448321163654327,-0.2208709567785263,0.5590314865112305,0.4355640411376953,-0.2119362503290176,0.5506244897842407,0.4369133114814758,-0.2120528519153595,0.5441493391990662,0.4395653903484344,-0.2125677615404129,0.6126927733421326,0.4649895131587982,-0.0650471597909927,0.5291956067085266,0.4847503006458282,-0.0242101661860942,0.5827720165252686,0.5196695327758789,-0.1768458783626556,0.5584319829940796,0.5295916795730591,-0.1659021824598312,0.7176306247711182,0.6548243761062622,-0.0246229674667119,0.4599889814853668,0.6984673738479614,0.0857283547520637,0.759357750415802,0.952791690826416,-0.2105302810668945,0.4207270741462707,0.9550735950469972,-0.0196869429200887,0.5812289714813232,0.9201762676239014,-0.4823920130729675,0.3935647904872894,0.9851598739624025,-0.368423193693161,0.5379191040992737,0.955838143825531,-0.5510656237602234,0.3715408444404602,0.9891371130943298,-0.4394127428531647,0.4792210757732391,0.8727298378944397,-0.5269172787666321,0.378903329372406,0.9399506449699402,-0.4635400176048279,0.5113117098808289,0.8609969019889832,-0.4758341908454895,0.3974665701389313,0.9267920255661012,-0.3887074589729309,0.6792740225791931,1.1752948760986328,-0.0429748445749282,0.5334088206291199,1.174514889717102,0.0439550317823886,0.6530954241752625,1.2949140071868896,-0.177695170044899,0.4958211481571197,1.2885310649871826,-0.166052371263504,0.6290353536605835,1.7455837726593018,-0.02602562867105,0.5554463863372803,1.8427109718322756,-0.1082891672849655,0.6288906335830688,1.840823769569397,-0.0175697617232799,0.5439969897270203,1.9144259691238403,-0.106260061264038,0.6171989440917969,1.9337034225463867,-0.2330443859100341,0.5433045625686646,2.0357789993286133,-0.3268825113773346,dataset\external_videos\incorrect\P01_incorrect_003.mp4,2450,81.810046,2.0,29.947422438847926,P01,unknown,external_video,1,0.0098891985,0,false_negative
0.5605214238166809,0.8241177201271057,-1.0091572999954224,0.5727151036262512,0.8116743564605713,-1.0774580240249634,0.5808404684066772,0.8126102685928345,-1.0770200490951538,0.5931857824325562,0.8103089928627014,-1.0770736932754517,0.5463275909423828,0.7925085425376892,-1.0534030199050903,0.5339945554733276,0.7829331159591675,-1.053662657737732,0.5271609425544739,0.7729926109313965,-1.0537630319595337,0.6182003021240234,0.7190238237380981,-1.0723341703414917,0.5192054510116577,0.6888095140457153,-0.9717937707901,0.579532265663147,0.8295564651489258,-0.9753944277763368,0.5526323318481445,0.8096451163291931,-0.9462966918945312,0.7488715052604675,0.7135635018348694,-0.8622694611549377,0.459844022989273,0.6878319978713989,-0.72388756275177,0.7574529647827148,1.0008150339126587,-0.7884916663169861,0.418833315372467,0.9044474959373474,-0.585008442401886,0.5350970029830933,0.9790025353431702,-0.8249837160110474,0.3898438513278961,0.979697585105896,-0.7338310480117798,0.4727813303470611,1.0214693546295166,-0.8720025420188904,0.3662147223949432,0.9812590479850768,-0.7826662063598633,0.442415714263916,0.9240251779556274,-0.8711596727371216,0.3790725767612457,0.945921778678894,-0.803459882736206,0.4615192711353302,0.9132589101791382,-0.8161585927009583,0.3988665342330932,0.9214347004890442,-0.74518221616745,0.693509042263031,1.0632432699203491,-0.0217629540711641,0.5551112294197083,1.0658509731292725,0.0222055241465568,0.667819619178772,0.854692816734314,0.3072053492069244,0.5151931643486023,1.032648682594299,0.2979974746704101,0.6443319916725159,0.8554652333259583,0.8903399705886841,0.565121054649353,1.0993282794952393,0.7967143654823303,0.6359137296676636,0.8575053215026855,0.9476341605186462,0.5651527047157288,1.0898863077163696,0.8483941555023193,0.6578809022903442,0.8732248544692993,0.859277069568634,0.5890761613845825,1.155421257019043,0.7319847345352173,dataset\external_videos\incorrect\P01_incorrect_003.mp4,2464,82.277532,2.0,29.947422438847926,P01,unknown,external_video,1,0.2842623,0,false_negative
0.5617492198944092,0.7713549733161926,-0.9683249592781068,0.5743553638458252,0.7631747722625732,-0.9899036288261414,0.5824348330497742,0.758554220199585,-0.9895971417427064,0.5948205590248108,0.7540653347969055,-0.9896216988563538,0.5464452505111694,0.7714767456054688,-0.9777935743331908,0.5359460711479187,0.7743706703186035,-0.9778919219970704,0.5290775299072266,0.7625014781951904,-0.9778778553009032,0.6183559894561768,0.7045453190803528,-0.8767014741897583,0.5228903293609619,0.6667649149894714,-0.8267282843589783,0.5800532102584839,0.7409740686416626,-0.9043657779693604,0.5526668429374695,0.7387813329696655,-0.8903511762619019,0.7428180575370789,0.697792112827301,-0.7061116695404053,0.4590788781642914,0.6838630437850952,-0.6066110134124756,0.7247062921524048,0.9989086985588074,-0.6782944798469543,0.4163804948329925,0.914912760257721,-0.4943842887878418,0.5351534485816956,0.9933136105537416,-0.774091362953186,0.4067265391349792,0.9928008913993835,-0.5922397375106812,0.4601399302482605,0.9922929406166076,-0.8227387070655823,0.3964903652667999,1.012920379638672,-0.6487334966659546,0.4476101994514465,0.9339744448661804,-0.8133023381233215,0.3870993256568908,0.959011971950531,-0.6746698021888733,0.4608555138111114,0.9230809807777404,-0.7608795762062073,0.4100269377231598,0.935781478881836,-0.6069790124893188,0.6888288259506226,1.0247352123260498,-0.0211043432354927,0.5487015247344971,1.041556477546692,0.0214087385684251,0.6690747141838074,0.7880176305770874,0.4225113987922668,0.5277160406112671,0.8941436409950256,0.4249238967895508,0.661117672920227,0.6575801968574524,0.9803301095962524,0.5679489970207214,0.738462507724762,0.9426634311676024,0.6511587500572205,0.6434746384620667,1.0360361337661743,0.5682439804077148,0.7120835781097412,0.9982538819313048,0.6783883571624756,0.6424049735069275,0.91632080078125,0.5859199166297913,0.7022024393081665,0.8792164325714111,dataset\external_videos\incorrect\P01_incorrect_003.mp4,2478,82.745018,2.0,29.947422438847926,P01,unknown,external_video,1,0.066724285,0,false_negative
0.5625770688056946,0.7029173374176025,-1.0970356464385986,0.574894368648529,0.6699250340461731,-1.1063075065612793,0.5839453339576721,0.6714395880699158,-1.1058701276779177,0.5962458848953247,0.673858106136322,-1.1058183908462524,0.5473856329917908,0.6697167754173279,-1.0973153114318848,0.5375614166259766,0.6708877682685852,-1.097439169883728,0.5300492644309998,0.6656215786933899,-1.097341775894165,0.6190134286880493,0.6933181285858154,-0.9526790976524352,0.5236863493919373,0.6485090255737305,-0.9170343279838562,0.5807518362998962,0.7054897546768188,-1.0182710886001587,0.5505806803703308,0.6988957524299622,-1.0091583728790283,0.7078379392623901,0.7260955572128296,-0.7777376770973206,0.4581348598003387,0.6924136877059937,-0.6435866951942444,0.6899478435516357,1.0324684381484983,-0.6938410401344299,0.4182612299919128,0.917462170124054,-0.4796904027462005,0.4951237440109253,1.0003782510757446,-0.7623711824417114,0.4125170111656189,0.9988119602203368,-0.5183442831039429,0.4325276613235473,0.9893865585327148,-0.8203893899917603,0.3954009115695953,1.0134366750717163,-0.5644848346710205,0.4298536479473114,0.930410623550415,-0.7927846908569336,0.3902438879013061,0.953701674938202,-0.6009750962257385,0.4468705058097839,0.9263328313827516,-0.7425088286399841,0.4101620614528656,0.9388123154640198,-0.5360366106033325,0.6541554927825928,1.0663691759109497,-0.0254471227526664,0.5401977300643921,1.0757604837417605,0.0254055317491292,0.6559370756149292,0.7444294691085815,0.3127784729003906,0.4869106113910675,0.918171763420105,0.252324640750885,0.643841564655304,0.4900331199169159,0.7971013784408569,0.5576416254043579,0.7203383445739746,0.6596612334251404,0.6239312291145325,0.4832709431648254,0.863523542881012,0.5592826008796692,0.6965038180351257,0.6870652437210083,0.6654879450798035,0.3813676834106445,0.5603081583976746,0.5788540244102478,0.6482489705085754,0.5276057720184326,dataset\external_videos\incorrect\P01_incorrect_003.mp4,2492,83.212504,2.0,29.947422438847926,P01,unknown,external_video,1,0.023352899,0,false_negative
0.5093353390693665,0.5902984142303467,-0.5863284468650818,0.5086809992790222,0.5104584097862244,-0.5841190814971924,0.5183444619178772,0.5130537152290344,-0.5839118361473083,0.5291109681129456,0.5057734251022339,-0.5839224457740784,0.4817366302013397,0.5617848038673401,-0.5623833537101746,0.4732291102409363,0.5702421069145203,-0.5621411800384521,0.4653476476669311,0.5755268931388855,-0.5623044967651367,0.5587724447250366,0.4824739694595337,-0.4084467589855194,0.4695214331150055,0.5583098530769348,-0.2929553389549255,0.5458682179450989,0.6081582307815552,-0.5078624486923218,0.5111504197120667,0.641040027141571,-0.4759406745433807,0.6906797885894775,0.704822838306427,-0.2945862114429474,0.4423138797283172,0.688355028629303,-0.1022417172789573,0.7176178693771362,1.0303614139556885,-0.4072967171669006,0.3780835270881653,0.9645021557807922,-0.2446100413799286,0.4810769259929657,1.0435329675674438,-0.5046967267990112,0.3654893040657043,1.087743878364563,-0.7203329205513,0.4184931218624115,1.0112425088882446,-0.558814287185669,0.3505604863166809,1.141696810722351,-0.8040313720703125,0.4168056845664978,0.955582559108734,-0.5116469860076904,0.3616468012332916,1.0078392028808594,-0.8129926323890686,0.4374305009841919,0.9599896669387816,-0.485108733177185,0.3786619305610657,0.9889209866523744,-0.7406889796257019,0.6463226675987244,1.3487272262573242,-0.0551946684718132,0.4707832038402557,1.3323585987091064,0.0582147389650344,0.6284698843955994,1.8629720211029053,-0.0524660944938659,0.4533563554286957,1.849071025848389,0.0503152720630168,0.6257051825523376,2.3081836700439453,0.2326555699110031,0.4596956670284271,2.3099331855773926,0.1764674335718155,0.6364609599113464,2.369687080383301,0.2447024136781692,0.4653135538101196,2.3748226165771484,0.1787780672311782,0.5787338018417358,2.4647557735443115,-0.1001600474119186,0.468087375164032,2.4781925678253174,-0.1798136830329895,dataset\external_videos\incorrect\P01_incorrect_003.mp4,2758,92.094737,2.0,29.947422438847926,P01,unknown,external_video,1,0.14474216,0,false_negative
0.5100511908531189,0.5946252346038818,-0.6096178293228149,0.5106506943702698,0.5113712549209595,-0.6082972288131714,0.5204979181289673,0.5155719518661499,-0.6080995202064514,0.5316332578659058,0.506800651550293,-0.608085572719574,0.4829207062721252,0.5657413601875305,-0.5851380228996277,0.4739110171794891,0.5737493634223938,-0.5849123597145081,0.4655915200710296,0.5787256360054016,-0.5850805044174194,0.5623359680175781,0.4834071397781372,-0.4250120520591736,0.4685893654823303,0.5625431537628174,-0.3086224496364593,0.5465396642684937,0.6110856533050537,-0.5295447707176208,0.5107368230819702,0.6451458930969238,-0.4966270327568054,0.6910067796707153,0.7020250558853149,-0.301308125257492,0.4438689947128296,0.689115047454834,-0.1017045155167579,0.7152993083000183,1.0344855785369873,-0.4116053879261017,0.3750608265399933,0.9611104130744934,-0.2697591185569763,0.4796881675720215,1.0472309589385986,-0.5219031572341919,0.3678508102893829,1.0819069147109983,-0.7789761424064636,0.4163869321346283,1.013397455215454,-0.5742532014846802,0.3553234040737152,1.1283671855926514,-0.8616833090782166,0.416103720664978,0.9570351839065552,-0.5274783372879028,0.3603016138076782,1.0095040798187256,-0.869164228439331,0.4365431666374206,0.9619710445404052,-0.5016248822212219,0.384709745645523,0.9868984818458556,-0.7958661913871765,0.6505163311958313,1.3458712100982666,-0.0565814189612865,0.4753932654857635,1.3291176557540894,0.0595577023923397,0.6308956146240234,1.861390829086304,-0.0678769052028656,0.4559334218502044,1.8444660902023315,0.0248040724545717,0.625669538974762,2.3113858699798584,0.209991380572319,0.4600127935409546,2.3095011711120605,0.1436446011066436,0.6361086368560791,2.3730924129486084,0.2203285545110702,0.4643727838993072,2.374228000640869,0.1447426527738571,0.5786975622177124,2.467383623123169,-0.1333829313516616,0.4690666794776916,2.4785408973693848,-0.2247641086578369,dataset\external_videos\incorrect\P01_incorrect_003.mp4,2772,92.562223,2.0,29.947422438847926,P01,unknown,external_video,1,0.07827149,0,false_negative
0.512068510055542,0.5965473055839539,-0.5524134039878845,0.5130754709243774,0.5120536684989929,-0.5479828119277954,0.5232670903205872,0.5171594023704529,-0.5479069948196411,0.5342759490013123,0.5075877904891968,-0.5479365587234497,0.4856857359409332,0.5667701959609985,-0.5254636406898499,0.4767756164073944,0.5741888284683228,-0.525236189365387,0.4683470129966736,0.5787891149520874,-0.5254470705986023,0.564218282699585,0.4838619530200958,-0.3625254929065704,0.4713189303874969,0.5611785054206848,-0.2470439225435257,0.5482030510902405,0.6112930774688721,-0.4724296927452087,0.5127532482147217,0.6464094519615173,-0.4401831328868866,0.6910381317138672,0.6956489682197571,-0.250779777765274,0.4455021023750305,0.6907455325126648,-0.0636583045125007,0.7158015370368958,1.0291098356246948,-0.3839899897575378,0.3788244426250458,0.9607279300689696,-0.286516785621643,0.4798728823661804,1.0469175577163696,-0.4945904910564422,0.3979714214801788,1.0468652248382568,-0.7858476638793945,0.4166615605354309,1.0134414434432983,-0.5469667315483093,0.3948150277137756,1.0816878080368042,-0.8826612234115601,0.4162010848522186,0.9576416015625,-0.4990397095680237,0.3836015462875366,0.9879655838012696,-0.8850585222244263,0.4366014897823334,0.9623426795005798,-0.47437584400177,0.3968441784381866,0.9784811735153198,-0.807327151298523,0.6544455885887146,1.3398222923278809,-0.0554089397192001,0.4813734591007232,1.3251358270645142,0.0582855679094791,0.6338669061660767,1.8555301427841189,-0.0908122956752777,0.461033821105957,1.840012550354004,0.0211522225290536,0.6268143057823181,2.305431842803955,0.1654948592185974,0.4657854735851288,2.302647590637207,0.1233551427721977,0.6368213295936584,2.3667118549346924,0.1730016767978668,0.4702231585979461,2.3656723499298096,0.1221552640199661,0.5813194513320923,2.460758686065674,-0.1899668276309967,0.4754505753517151,2.4718005657196045,-0.2532079517841339,dataset\external_videos\incorrect\P01_incorrect_003.mp4,2786,93.029709,2.0,29.947422438847926,P01,unknown,external_video,1,0.0207253,0,false_negative
0.5087467432022095,0.6005014181137085,-0.5733395218849182,0.5093441009521484,0.5162844061851501,-0.5724695324897766,0.5192641615867615,0.5179394483566284,-0.5723503828048706,0.5303205251693726,0.5092392563819885,-0.5722334384918213,0.4822247922420501,0.5684233903884888,-0.5467793345451355,0.4737147390842438,0.5751252174377441,-0.5466099977493286,0.465960144996643,0.5791909694671631,-0.54681795835495,0.5624955892562866,0.4856202304363251,-0.3947819173336029,0.4721914827823639,0.5606001019477844,-0.2714494168758392,0.5463963150978088,0.6169553399085999,-0.4972864687442779,0.5113479495048523,0.6490806937217712,-0.4617056548595428,0.6916468739509583,0.6963393688201904,-0.2783408761024475,0.4467279016971588,0.6926646828651428,-0.0695888847112655,0.7141774296760559,1.029285550117493,-0.4134602546691894,0.3822060823440552,0.9591246247291564,-0.2865290641784668,0.4795468151569366,1.0455572605133057,-0.527926504611969,0.369199126958847,1.0184026956558228,-0.8390287160873413,0.4155839085578918,1.011703372001648,-0.5810649394989014,0.3509378135204315,1.0388097763061523,-0.9462616443634032,0.4149337112903595,0.9575470089912416,-0.535695493221283,0.3676674664020538,0.973943293094635,-0.9468799233436584,0.4356562495231628,0.9622259140014648,-0.5088039040565491,0.3894551396369934,0.9659799933433532,-0.8637262582778931,0.6571093201637268,1.3390460014343262,-0.0541678927838802,0.4834186136722564,1.323996901512146,0.0569973066449165,0.6350375413894653,1.8519303798675537,-0.1199985966086387,0.4641885459423065,1.838755488395691,-0.1015548557043075,0.6307927370071411,2.3043525218963623,0.0956749618053436,0.4683948457241058,2.302781343460083,-0.0250057503581047,0.6400467157363892,2.366166591644287,0.0981950983405113,0.4736083745956421,2.369206190109253,-0.0298520233482122,0.5876740217208862,2.459317922592163,-0.2704656422138214,0.4779254794120788,2.4661664962768555,-0.4150066971778869,dataset\external_videos\incorrect\P01_incorrect_003.mp4,2800,93.497195,2.0,29.947422438847926,P01,unknown,external_video,1,0.0030922177,0,false_negative
0.5074890851974487,0.6042689681053162,-0.5511801838874817,0.5101293921470642,0.5227882266044617,-0.5531811118125916,0.5203841924667358,0.5194904804229736,-0.55306476354599,0.5317547917366028,0.5099101066589355,-0.55294269323349,0.483629435300827,0.5690772533416748,-0.5251104831695557,0.475541889667511,0.5747376084327698,-0.5249500870704651,0.4680914580821991,0.5779154896736145,-0.5251716375350952,0.5641648173332214,0.4878987073898315,-0.3901496529579162,0.4748638570308685,0.5564576983451843,-0.2541630566120147,0.5442962646484375,0.6228207349777222,-0.4790961146354675,0.5095635652542114,0.649873673915863,-0.4405984282493591,0.6921150088310242,0.6970576047897339,-0.2835403084754944,0.4481864869594574,0.6919846534729004,-0.0567407086491584,0.7144448757171631,1.029552698135376,-0.4233055710792541,0.3874248564243316,0.95735102891922,-0.265507161617279,0.4795893132686615,1.044865369796753,-0.5355027318000793,0.3616231083869934,1.009200930595398,-0.8379039168357849,0.4158065021038055,1.0113755464553833,-0.5870451331138611,0.3388850390911102,1.0282034873962402,-0.9423127770423888,0.4149841368198395,0.9575863480567932,-0.5410616397857666,0.3616443872451782,0.9676491022109984,-0.944386899471283,0.4357211291790008,0.9621829390525818,-0.5157864093780518,0.3860048055648803,0.9594212174415588,-0.8624659776687622,0.6575292944908142,1.3384069204330444,-0.0536955967545509,0.4838865995407104,1.3235927820205688,0.0564776286482811,0.6340453624725342,1.8510000705718996,-0.1253737807273864,0.4646044969558716,1.8298852443695068,-0.1232279613614082,0.6294548511505127,2.30157732963562,0.075839526951313,0.4682507216930389,2.2985308170318604,-0.0481656901538372,0.6382391452789307,2.3639039993286133,0.0771050527691841,0.4733926653861999,2.3644299507141118,-0.0531071759760379,0.5871903896331787,2.4558119773864746,-0.2887555956840515,0.4779180884361267,2.4620676040649414,-0.4349846839904785,dataset\external_videos\incorrect\P01_incorrect_003.mp4,2814,93.964681,2.0,29.947422438847926,P01,unknown,external_video,1,0.0017528731,0,false_negative
0.5100969672203064,0.6045970916748047,-0.6088272333145142,0.5127264857292175,0.5230176448822021,-0.6226839423179626,0.5234506130218506,0.5203104615211487,-0.6226729154586792,0.5350295901298523,0.5103631019592285,-0.6225923895835876,0.4851568639278412,0.5687047243118286,-0.5840819478034973,0.4764016568660736,0.5745586156845093,-0.5840698480606079,0.468174397945404,0.5781294107437134,-0.5844032764434814,0.5659207105636597,0.4874964356422424,-0.4594393670558929,0.4719690084457397,0.557811975479126,-0.2566737234592438,0.5459808111190796,0.6240657567977905,-0.5396749377250671,0.5104424357414246,0.6502757668495178,-0.4816340208053589,0.6921436190605164,0.6975795030593872,-0.327229380607605,0.4483768343925476,0.6902798414230347,-0.0895929187536239,0.7146353125572205,1.0291732549667358,-0.4505594670772552,0.3913248479366302,0.955790102481842,-0.2827223539352417,0.4796291589736938,1.044729232788086,-0.5454262495040894,0.358113944530487,1.0012047290802002,-0.8970820307731628,0.415953665971756,1.011380910873413,-0.5895490646362305,0.3351980149745941,1.0193666219711304,-1.001190185546875,0.4150349199771881,0.9578998684883118,-0.555063784122467,0.359994500875473,0.9620630145072936,-1.0091938972473145,0.4357441365718841,0.9621681571006776,-0.5285680294036865,0.3779185712337494,0.9535964131355286,-0.9218032956123352,0.6570482850074768,1.3271570205688477,-0.0532448031008243,0.4836851954460144,1.3143150806427002,0.056071501225233,0.6334154605865479,1.8413573503494265,-0.1261709481477737,0.4648038446903229,1.813814640045166,-0.1295401751995086,0.6275044679641724,2.3006269931793213,0.0855876877903938,0.4675362706184387,2.298197031021118,-0.0456276014447212,0.6355394124984741,2.3628952503204346,0.0870362669229507,0.4723033010959625,2.362122058868408,-0.0500492192804813,0.5861757397651672,2.4539144039154053,-0.2848184704780578,0.4775187373161316,2.459223508834839,-0.4410319626331329,dataset\external_videos\incorrect\P01_incorrect_003.mp4,2828,94.432167,2.0,29.947422438847926,P01,unknown,external_video,1,0.003255979,0,false_negative
0.5122012495994568,0.6047489643096924,-0.6498148441314697,0.514398992061615,0.5238953232765198,-0.6581037044525146,0.52535080909729,0.5207900404930115,-0.6580477356910706,0.536981463432312,0.5103225708007812,-0.657920241355896,0.4863118529319763,0.5685561299324036,-0.6256779432296753,0.4771724641323089,0.5748193860054016,-0.6256715655326843,0.4685978591442108,0.5789195895195007,-0.6259878873825073,0.5672253966331482,0.4869945347309112,-0.4828769564628601,0.4714398980140686,0.5607278347015381,-0.3071914613246918,0.5477150678634644,0.6252501010894775,-0.5739318132400513,0.5118044018745422,0.6508597731590271,-0.5254184603691101,0.6923899054527283,0.6977863311767578,-0.3448575437068939,0.4483185112476349,0.6902580261230469,-0.0925483331084251,0.7147307991981506,1.0295507907867432,-0.4712665677070617,0.391403317451477,0.9553672671318054,-0.3147900700569153,0.4799350500106811,1.044579029083252,-0.5754022002220154,0.3619993031024933,1.0027562379837036,-0.9034680724143982,0.4161164462566376,1.0120978355407717,-0.6202276945114136,0.343208760023117,1.0233104228973389,-1.00313401222229,0.4152326285839081,0.9590891599655152,-0.5835062265396118,0.3606515228748321,0.9610579013824464,-1.006677508354187,0.4363426864147186,0.9634023308753968,-0.5573747158050537,0.3805861473083496,0.9528273940086364,-0.9248815774917604,0.6586953401565552,1.3247002363204956,-0.0528021231293678,0.4849414825439453,1.314145803451538,0.055595938116312,0.6348844170570374,1.8385002613067627,-0.1275007575750351,0.4660277962684631,1.8109548091888428,-0.1400370895862579,0.6289652585983276,2.2986209392547607,0.0861011072993278,0.4679478406906128,2.295773506164551,-0.054490577429533,0.6365016102790833,2.360805034637451,0.0877673476934433,0.4731389284133911,2.3610405921936035,-0.058661475777626,0.587967038154602,2.45279312133789,-0.2856897711753845,0.4779800474643707,2.4572343826293945,-0.4504119753837585,dataset\external_videos\incorrect\P01_incorrect_003.mp4,2842,94.899653,2.0,29.947422438847926,P01,unknown,external_video,1,0.0050482876,0,false_negative
0.5051610469818115,0.6057681441307068,-0.5929887890815735,0.5077126622200012,0.5280677676200867,-0.5971999764442444,0.5176344513893127,0.5225290656089783,-0.5972146391868591,0.5283015370368958,0.5108566284179688,-0.5971803665161133,0.478962630033493,0.5683886408805847,-0.5733333826065063,0.4689928591251373,0.5737289786338806,-0.5732669830322266,0.4605482518672943,0.5769495964050293,-0.5735571384429932,0.5520318150520325,0.4873853921890259,-0.4215845465660095,0.4557370841503143,0.5584638118743896,-0.2979840338230133,0.5359626412391663,0.6268130540847778,-0.5099871158599854,0.5048799514770508,0.6505200266838074,-0.4765241742134094,0.6758089661598206,0.6828897595405579,-0.2661082744598388,0.4344402253627777,0.6872914433479309,-0.0920344889163971,0.7439801096916199,1.0079792737960815,-0.4422550797462463,0.3892755806446075,0.9607489705085754,-0.3033269643783569,0.522538959980011,1.0183762311935425,-0.5749459862709045,0.3788546621799469,1.0054370164871216,-0.8180087804794312,0.4611600339412689,1.0074384212493896,-0.6203126311302185,0.3675122857093811,1.023903489112854,-0.9093552827835084,0.4512841403484344,0.9530421495437622,-0.5757392644882202,0.3950382173061371,0.9609538912773132,-0.901694357395172,0.4663768708705902,0.9496209025382996,-0.5545724630355835,0.4028574824333191,0.9518398642539978,-0.8319255709648132,0.6369678378105164,1.3352810144424438,-0.052527580410242,0.4623813033103943,1.3250210285186768,0.0552086941897869,0.6089922189712524,1.8422380685806277,-0.1372153609991073,0.4427329003810882,1.8165338039398196,-0.1276108771562576,0.5974763631820679,2.303642511367798,0.0412071608006954,0.434765487909317,2.302306890487671,-0.0706440359354019,0.6025421023368835,2.366698980331421,0.0420256145298481,0.4392780065536499,2.373586177825928,-0.0766038224101066,0.5576695203781128,2.465338468551636,-0.3060785233974457,0.4401062130928039,2.4595251083374023,-0.4363705813884735,dataset\external_videos\incorrect\P01_incorrect_003.mp4,2856,95.367139,2.0,29.947422438847926,P01,unknown,external_video,1,0.0025403672,0,false_negative
0.5065199732780457,0.2466190457344055,-0.2733321189880371,0.5130541920661926,0.2153546065092086,-0.296658843755722,0.5183728337287903,0.2132309377193451,-0.2967486977577209,0.5236116647720337,0.2103635370731353,-0.2970274984836578,0.5050260424613953,0.218536764383316,-0.2543497085571289,0.5039709806442261,0.2188588380813598,-0.2542848587036133,0.503028392791748,0.21908600628376,-0.2543925344944,0.5490209460258484,0.207258403301239,-0.3274755477905273,0.524948239326477,0.2174026221036911,-0.1408889293670654,0.5257644653320312,0.2748141884803772,-0.2832943201065063,0.5157771706581116,0.2782870531082153,-0.2272464632987976,0.636757493019104,0.3492847681045532,-0.3844354450702667,0.5445956587791443,0.361246645450592,-0.0094877472147345,0.6516703367233276,0.6064305901527405,-0.4292473793029785,0.5124309062957764,0.5506096482276917,0.0795285478234291,0.5351915955543518,0.6698827743530273,-0.4409556686878204,0.4195292592048645,0.6085535287857056,-0.0043601775541901,0.510452926158905,0.7342904210090637,-0.4826372563838959,0.3930102586746216,0.6377218961715698,-0.0129754580557346,0.4956525564193725,0.7284567952156067,-0.4654538929462433,0.3901939690113067,0.623613715171814,-0.0654920265078544,0.5022022724151611,0.7114661931991577,-0.4301781058311462,0.400977224111557,0.617333710193634,-0.0309539958834648,0.6122560501098633,0.7352374196052551,-0.1116774827241897,0.5617077946662903,0.7040359377861023,0.1122365817427635,0.5346325635910034,0.9492497444152832,-0.2584823369979858,0.4851416349411011,0.8803495168685913,0.0678539350628852,0.6047652363777161,1.0775213241577148,0.0630446001887321,0.5492801666259766,1.0533010959625244,0.2801625430583954,0.6319860816001892,1.06786847114563,0.0957949459552764,0.5689316391944885,1.0636355876922607,0.3007772862911224,0.5925459265708923,1.2031646966934204,0.0704791098833084,0.5355719923973083,1.1687204837799072,0.269157737493515,dataset\external_videos\incorrect\P01_incorrect_004.mp4,168,5.609991,2.0,29.946573483670388,P01,unknown,external_video,1,0.008453288,0,false_negative
0.5061744451522827,0.2528014481067657,-0.2255130857229232,0.5113449692726135,0.2201382964849472,-0.2412789463996887,0.5163264870643616,0.2179828286170959,-0.2413145750761032,0.5213314294815063,0.215871974825859,-0.2414436340332031,0.5037425756454468,0.2235410064458847,-0.2024352103471756,0.5027827024459839,0.2241656929254531,-0.2023575901985168,0.501990556716919,0.2246754467487335,-0.2024232596158981,0.5466316938400269,0.2166166454553604,-0.2584437131881714,0.5234503149986267,0.2251822352409362,-0.0829175487160682,0.523339569568634,0.2820481657981872,-0.2294633984565735,0.5132750868797302,0.2839147448539734,-0.1784339100122451,0.6322372555732727,0.355923593044281,-0.3157792389392853,0.5419123768806458,0.3641875386238098,0.0440903343260288,0.6437545418739319,0.6075505614280701,-0.3898320198059082,0.5169203877449036,0.558218240737915,0.1208848059177398,0.5317677855491638,0.6901904344558716,-0.401067167520523,0.4317561089992523,0.6229506731033325,0.0212140586227178,0.5086361169815063,0.7484575510025024,-0.437980979681015,0.4042774736881256,0.6577551960945129,0.0076989475637674,0.4926391839981079,0.7348639369010925,-0.420579582452774,0.4001837372779846,0.6441015601158142,-0.0434862188994884,0.5001954436302185,0.7204643487930298,-0.3893040120601654,0.4164261817932129,0.6381908059120178,-0.005358385387808,0.609272301197052,0.7452746629714966,-0.1112922430038452,0.5607247948646545,0.712560772895813,0.111977681517601,0.5334742665290833,0.9436420202255248,-0.2594924867153168,0.4464755356311798,0.8550649881362915,0.0075837401673197,0.627501368522644,1.014655351638794,-0.0235588047653436,0.5375663638114929,1.0089421272277832,0.1287380009889602,0.6575624346733093,1.0060210227966309,0.0017139128176495,0.5617666840553284,1.0185558795928955,0.1432463675737381,0.6286075711250305,1.128705382347107,-0.0105741489678621,0.523189127445221,1.1159367561340332,0.1277882009744644,dataset\external_videos\incorrect\P01_incorrect_004.mp4,182,6.07749,2.0,29.946573483670388,P01,unknown,external_video,1,0.01896964,0,false_negative
0.504758894443512,0.2568579316139221,-0.25738126039505,0.5103699564933777,0.2225668728351593,-0.2656069993972778,0.5150843858718872,0.2197600454092025,-0.2656291723251343,0.5199375152587891,0.2171206027269363,-0.2657150328159332,0.5034120678901672,0.2277297973632812,-0.2275120168924331,0.5026121139526367,0.2288464456796646,-0.2274501770734787,0.50188809633255,0.2297562956809997,-0.2274948060512542,0.5450389981269836,0.2172169387340545,-0.2836841642856598,0.523144006729126,0.2288320511579513,-0.1011248454451561,0.5213525891304016,0.283888041973114,-0.2558954954147339,0.5109842419624329,0.2872395515441894,-0.2056291252374649,0.628821611404419,0.3572254478931427,-0.3424068987369537,0.5380977988243103,0.3668749332427978,0.0243720542639493,0.6341767907142639,0.6093984842300415,-0.4293248951435089,0.5150973200798035,0.5640213489532471,0.1059512048959732,0.5225732326507568,0.72232586145401,-0.4563055038452148,0.4207991659641266,0.6235323548316956,-0.0184967461973428,0.5024459362030029,0.7695907354354858,-0.5032951235771179,0.3941486477851867,0.6565223932266235,-0.0340952426195144,0.486312985420227,0.7592923641204834,-0.4901500642299652,0.3867892026901245,0.6433598399162292,-0.0861305519938469,0.4937680065631866,0.7447023987770081,-0.448199599981308,0.4036232531070709,0.6373336315155029,-0.0467590689659118,0.611261785030365,0.7384703755378723,-0.1129511967301368,0.5601634383201599,0.7120201587677002,0.1134722605347633,0.5305355787277222,0.9256633520126344,-0.3617065548896789,0.4263992309570312,0.8294726610183716,-0.0598552040755748,0.5775943994522095,1.0201873779296875,-0.1287905722856521,0.5278988480567932,1.0461182594299316,0.1173019334673881,0.6027150750160217,1.0759252309799194,-0.1069045290350914,0.5517519116401672,1.0580236911773682,0.1356799304485321,0.5420644879341125,1.1767339706420898,-0.1828723698854446,0.5129655003547668,1.1598494052886963,0.0870089828968048,dataset\external_videos\incorrect\P01_incorrect_004.mp4,196,6.544989,2.0,29.946573483670388,P01,unknown,external_video,1,0.009979679,0,false_negative
0.5044289827346802,0.2533250451087951,-0.2327565550804138,0.5098069906234741,0.2194827497005462,-0.2475314885377884,0.5145445466041565,0.216965451836586,-0.247579276561737,0.5195559859275818,0.213945060968399,-0.2477249503135681,0.5026547312736511,0.2236146330833435,-0.2087969630956649,0.5018835663795471,0.2242206037044525,-0.2087482959032058,0.501272976398468,0.2248673886060714,-0.2088322341442108,0.5443326234817505,0.2132943719625473,-0.2727706134319305,0.5223539471626282,0.2243414670228958,-0.0951753482222557,0.5213435888290405,0.2808229029178619,-0.2386843711137771,0.5109289884567261,0.2843315303325653,-0.1878259181976318,0.6287117004394531,0.3561529517173767,-0.3341431021690368,0.5374348163604736,0.3685028553009033,0.0233361963182687,0.6269670128822327,0.6110016703605652,-0.3977361023426056,0.5139858722686768,0.5661231875419617,0.1042897924780845,0.523560643196106,0.7325888276100159,-0.4335904419422149,0.4148882627487182,0.6183411478996277,-0.0081090871244668,0.5034130811691284,0.7842642068862915,-0.4787935018539428,0.3894397020339966,0.6436839699745178,-0.0193887185305356,0.4891377985477447,0.7740069031715393,-0.4776870310306549,0.3798710405826568,0.6311799883842468,-0.0690529346466064,0.4961922466754913,0.7575596570968628,-0.4384468197822571,0.3842949271202087,0.594894528388977,-0.034419123083353,0.614571213722229,0.7321532368659973,-0.1092748120427131,0.5597208738327026,0.714317262172699,0.1096270903944969,0.5315386056900024,0.9166926741600036,-0.3718695640563965,0.4450252652168274,0.8611735105514526,-0.0136108417063951,0.5959280133247375,1.0502249002456665,-0.0875595360994339,0.5635860562324524,1.0348647832870483,0.1555535346269607,0.6237548589706421,1.0605618953704834,-0.0584805831313133,0.5872178673744202,1.038586139678955,0.1737326681613922,0.5664969086647034,1.1815699338912964,-0.0979524105787277,0.5639316439628601,1.1508969068527222,0.1333979964256286,dataset\external_videos\incorrect\P01_incorrect_004.mp4,210,7.012488,2.0,29.946573483670388,P01,unknown,external_video,1,0.0068097953,0,false_negative
0.5044541954994202,0.2470622658729553,-0.2725042998790741,0.5104676485061646,0.2156847566366195,-0.2881899178028106,0.515324056148529,0.2129005938768386,-0.2882331907749176,0.5205116868019104,0.2097852826118469,-0.2883733510971069,0.5028545260429382,0.2200342863798141,-0.2479237914085388,0.5018272995948792,0.2207923978567123,-0.2479443252086639,0.5010097622871399,0.2215329110622406,-0.2480592429637909,0.5448482036590576,0.2103805392980575,-0.3074279725551605,0.5220381021499634,0.2215260714292526,-0.1256614625453949,0.521348774433136,0.2756224572658539,-0.2770758867263794,0.5109966993331909,0.279504656791687,-0.2243487238883972,0.6276825666427612,0.3576931357383728,-0.3701656460762024,0.5369729995727539,0.3695896565914154,0.0035432544536888,0.6198756694793701,0.6121984124183655,-0.4382645785808563,0.5134409666061401,0.5663614273071289,0.0690023154020309,0.519451379776001,0.7319997549057007,-0.4628385901451111,0.4168627858161926,0.6196826696395874,-0.0372823029756546,0.5022432804107666,0.7792970538139343,-0.5085090398788452,0.393621951341629,0.6446500420570374,-0.0503427796065807,0.4887405037879944,0.7711858749389648,-0.5016804933547974,0.3853343427181244,0.6352271437644958,-0.1009168252348899,0.4940839111804962,0.7552604675292969,-0.4591448903083801,0.390213131904602,0.6186758875846863,-0.0641748011112213,0.6175367832183838,0.7283784747123718,-0.1096551865339279,0.5609543919563293,0.7094717621803284,0.1099936887621879,0.5320484638214111,0.9172524213790894,-0.3871494829654693,0.4566725194454193,0.8688769340515137,-0.0290374141186475,0.5776312351226807,1.1066339015960691,-0.1626758128404617,0.5467815399169922,1.045501947402954,0.172197088599205,0.6022539138793945,1.131415605545044,-0.1423918455839157,0.5668080449104309,1.0410345792770386,0.1917987763881683,0.5391277074813843,1.241604566574097,-0.2299923598766327,0.53377765417099,1.1561105251312256,0.1319897323846817,dataset\external_videos\incorrect\P01_incorrect_004.mp4,224,7.479988,2.0,29.946573483670388,P01,unknown,external_video,1,0.01014481,0,false_negative
0.504801869392395,0.2924508452415466,-0.3194668591022491,0.5101751685142517,0.2646998465061188,-0.3441379964351654,0.5152004957199097,0.2606494426727295,-0.3441805243492126,0.519801914691925,0.2559821307659149,-0.3443855047225952,0.5025439858436584,0.2679380476474762,-0.3031899034976959,0.501681923866272,0.2669220268726349,-0.3031925857067108,0.5010874271392822,0.2659292221069336,-0.3033254444599151,0.5444532632827759,0.237217515707016,-0.3903018534183502,0.5230918526649475,0.256605714559555,-0.2031506896018982,0.5226858258247375,0.313124269247055,-0.3306608498096466,0.513902485370636,0.3127036988735199,-0.2764716148376465,0.6309080123901367,0.3581323623657226,-0.4373170733451843,0.5408740639686584,0.3697039186954498,-0.0801090076565742,0.6244185566902161,0.6163979172706604,-0.4893593788146972,0.5129086971282959,0.5665404796600342,-0.0101431403309106,0.5205699801445007,0.736894965171814,-0.5121905207633972,0.4167529046535492,0.6191655993461609,-0.0888928920030593,0.5078975558280945,0.7858392596244812,-0.5598746538162231,0.3948779702186584,0.6437641382217407,-0.0964140072464943,0.4938597977161407,0.7745835781097412,-0.5548765659332275,0.3873543739318847,0.6333557367324829,-0.1479503512382507,0.4977442026138305,0.7621737718582153,-0.5083985924720764,0.3896203935146332,0.6028440594673157,-0.1144013777375221,0.6206226944923401,0.7279887199401855,-0.1105637550354003,0.5616692900657654,0.7024211883544922,0.1109310612082481,0.5321276187896729,0.9221266508102416,-0.3474606871604919,0.4613028168678283,0.8756222128868103,-0.0103116361424326,0.5792924761772156,1.1160815954208374,-0.0882353782653808,0.5233175754547119,1.0693687200546265,0.1773329526185989,0.6053838133811951,1.1337766647338867,-0.0624855235219001,0.5408887267112732,1.0817033052444458,0.1957164108753204,0.5511912703514099,1.2488669157028198,-0.1111168935894966,0.5059013366699219,1.190106749534607,0.1358222812414169,dataset\external_videos\incorrect\P01_incorrect_004.mp4,238,7.947487,2.0,29.946573483670388,P01,unknown,external_video,1,0.42915544,0,false_negative
0.5148640871047974,0.1950459033250808,-0.1892850846052169,0.5256744027137756,0.160649761557579,-0.2056769877672195,0.5306541919708252,0.1585942059755325,-0.205823928117752,0.5363703370094299,0.1565845310688018,-0.2060660868883133,0.5172611474990845,0.1640653759241104,-0.1694916039705276,0.5159579515457153,0.1647339016199112,-0.1694503426551818,0.514947235584259,0.1652659624814987,-0.1695191413164138,0.5639840364456177,0.1664500683546066,-0.2305225729942321,0.5320786833763123,0.1752634048461914,-0.0645648166537284,0.52973872423172,0.2212277799844741,-0.1955078095197677,0.519439160823822,0.2240317463874817,-0.1473217010498047,0.638136088848114,0.3146115243434906,-0.278246134519577,0.5329716205596924,0.3384207487106323,0.0527322106063365,0.6760548949241638,0.5253681540489197,-0.3191180527210235,0.5092092156410217,0.529312252998352,0.1187543421983718,0.5794637203216553,0.657622754573822,-0.3498362302780151,0.3970829844474792,0.5436768531799316,0.0312713123857975,0.5582758188247681,0.706737220287323,-0.3844423592090606,0.3617670834064483,0.5476425290107727,0.0214805621653795,0.5451464056968689,0.6797178387641907,-0.3746088147163391,0.358093112707138,0.5230342745780945,-0.0250583589076995,0.5485718250274658,0.6657384037971497,-0.3415444195270538,0.3723801672458648,0.5274816155433655,0.0056603448465466,0.6184803247451782,0.7171785831451416,-0.1005697697401046,0.5546264052391052,0.6979191899299622,0.1008553728461265,0.5363383889198303,0.9429680705070496,-0.1953778117895126,0.5085710883140564,0.8735122084617615,0.1620783805847168,0.6241212487220764,0.9274858236312866,0.1523167043924331,0.5926281213760376,0.8808199167251587,0.3493309915065765,0.6517400145530701,0.8913049697875977,0.1911041289567947,0.6206489205360413,0.9205399751663208,0.3705053925514221,0.6242989301681519,1.0917081832885742,0.2159129977226257,0.6071112751960754,0.9043680429458618,0.3956997096538543,dataset\external_videos\incorrect\P01_incorrect_004.mp4,476,15.894974,2.0,29.946573483670388,P01,unknown,external_video,1,0.00036132408,0,false_negative
0.5303696990013123,0.1616898626089096,-0.2406171411275863,0.541081964969635,0.1324214339256286,-0.256898432970047,0.5463037490844727,0.1314777582883834,-0.2570278644561767,0.55255526304245,0.1306204944849014,-0.2572513222694397,0.5332589149475098,0.1331346482038498,-0.2187750041484832,0.5317806005477905,0.1330792903900146,-0.2186612486839294,0.5304067134857178,0.1329876482486724,-0.2187166959047317,0.5789467096328735,0.1426067352294922,-0.2703370749950409,0.5466251373291016,0.1446954160928726,-0.097898282110691,0.5427173972129822,0.1923485398292541,-0.2415095120668411,0.5325350761413574,0.193918839097023,-0.1915621608495712,0.639988899230957,0.3022542297840118,-0.3330135345458984,0.5387096405029297,0.3263448774814605,0.046012308448553,0.6500028967857361,0.5526443719863892,-0.3613010346889496,0.5157921314239502,0.5227412581443787,0.1238000094890594,0.5620241761207581,0.7069687247276306,-0.3369196653366089,0.3987115025520324,0.5832523703575134,0.028245585039258,0.5437266826629639,0.7390905022621155,-0.3722609281539917,0.4126430451869964,0.6186293959617615,0.025575079023838,0.5354888439178467,0.7177878618240356,-0.3621367812156677,0.4228041768074035,0.6006278991699219,-0.0165624674409627,0.5391110181808472,0.7059716582298279,-0.3275541663169861,0.4258377254009247,0.5913056135177612,0.0069800834171473,0.6158207654953003,0.71755051612854,-0.1015910878777504,0.5567206740379333,0.6948078870773315,0.1019081771373748,0.5348160266876221,0.945338010787964,-0.1896514892578125,0.512779176235199,0.8993791937828064,0.1976946741342544,0.6358271241188049,0.9673668742179872,0.1223551109433174,0.5893208980560303,1.0567811727523804,0.3382779359817505,0.6622100472450256,0.945887804031372,0.1561255306005478,0.608058750629425,1.0738537311553955,0.3526683747768402,0.6468448638916016,1.0944106578826904,0.1826993077993393,0.5826862454414368,1.1463795900344849,0.3428007960319519,dataset\external_videos\incorrect\P01_incorrect_004.mp4,490,16.362473,2.0,29.946573483670388,P01,unknown,external_video,1,0.00013094598,0,false_negative
0.5388149619102478,0.1712984442710876,-0.2698014676570892,0.5483388304710388,0.1414097845554351,-0.2858369052410126,0.5533110499382019,0.1397741138935089,-0.285934716463089,0.5594597458839417,0.1380273252725601,-0.2861526310443878,0.5400215983390808,0.1434311419725418,-0.2472017258405685,0.5383079051971436,0.1434946060180664,-0.2470954954624176,0.5369101166725159,0.1434051692485809,-0.247188001871109,0.5853756070137024,0.1455478072166443,-0.2907860577106476,0.5536485314369202,0.1520863771438598,-0.1170613393187522,0.5525055527687073,0.1999425292015075,-0.2672950029373169,0.5419800281524658,0.2018162906169891,-0.2171779721975326,0.6410631537437439,0.2973236441612243,-0.3615861237049103,0.5508478879928589,0.3165278136730194,0.0439763404428958,0.6462637186050415,0.5721673965454102,-0.3963612914085388,0.5221370458602905,0.5193045735359192,0.1273266375064849,0.554937481880188,0.7124238610267639,-0.367504209280014,0.4090642035007477,0.6169983744621277,0.029924577102065,0.5361555218696594,0.7415319681167603,-0.4078206419944763,0.4392372965812683,0.6586281061172485,0.0258317291736602,0.5338061451911926,0.7220435738563538,-0.3990578949451446,0.4428951144218445,0.645378828048706,-0.0203404072672128,0.5352584719657898,0.7110288739204407,-0.3589062690734863,0.4482107758522033,0.634365975856781,0.0067242174409329,0.6110867261886597,0.7191251516342163,-0.1072299629449844,0.5578830242156982,0.6948246955871582,0.1075436547398567,0.5294395089149475,0.9543890953063964,-0.1923936456441879,0.5155224204063416,0.9058585166931152,0.2169807851314544,0.6151950359344482,1.017924427986145,0.1286413371562957,0.5922285318374634,1.0654432773590088,0.359617680311203,0.6399412751197815,1.0012751817703247,0.1631948053836822,0.6109588742256165,1.081861138343811,0.3728557825088501,0.6296043395996094,1.1076282262802124,0.1827509999275207,0.581782877445221,1.1585972309112549,0.3486867845058441,dataset\external_videos\incorrect\P01_incorrect_004.mp4,504,16.829972,2.0,29.946573483670388,P01,unknown,external_video,1,0.0002408591,0,false_negative
0.534324049949646,0.1792700737714767,-0.2894537150859833,0.5439484119415283,0.1499817371368408,-0.3050152063369751,0.5490001440048218,0.1483439803123474,-0.305076539516449,0.5548872351646423,0.1465169638395309,-0.3052849471569061,0.535469114780426,0.151689812541008,-0.2674880921840668,0.5339038372039795,0.151585966348648,-0.2674003839492798,0.5326055288314819,0.151427149772644,-0.2675058245658874,0.5814276933670044,0.1507618576288223,-0.3068762123584747,0.5509673357009888,0.1585372686386108,-0.1370694935321808,0.5501823425292969,0.2074090838432312,-0.2859446704387665,0.5387449264526367,0.2087453007698059,-0.2368877977132797,0.6461549401283264,0.3022303581237793,-0.3681037127971649,0.5491335988044739,0.3189456462860107,0.0146272210404276,0.6463804244995117,0.5795880556106567,-0.4034987986087799,0.5197868943214417,0.5203738212585449,0.0941988453269004,0.5652512311935425,0.7431482076644897,-0.3933589160442352,0.4262643158435821,0.6172963380813599,0.0028414416592568,0.5355741381645203,0.7493152618408203,-0.4353886246681213,0.4124625623226166,0.6541033983230591,-0.0024747115094214,0.5222747325897217,0.7357189655303955,-0.4317326247692108,0.4081129133701324,0.6424265503883362,-0.0499852746725082,0.5289266109466553,0.7242431044578552,-0.387963205575943,0.4226184785366058,0.6340211033821106,-0.021642941981554,0.6105855703353882,0.7236371636390686,-0.1075061485171318,0.5573852062225342,0.6953033208847046,0.1078298911452293,0.5182598829269409,0.9574652910232544,-0.2181555479764938,0.5073682069778442,0.9035339951515198,0.1660942733287811,0.5979597568511963,1.0624241828918457,0.0975415483117103,0.5773584842681885,1.0728766918182373,0.326227992773056,0.6253214478492737,1.051937699317932,0.1298847049474716,0.5952215194702148,1.091482639312744,0.3420847356319427,0.5899335741996765,1.1670234203338623,0.1366393864154815,0.5601808428764343,1.17404305934906,0.3139117062091827,dataset\external_videos\incorrect\P01_incorrect_004.mp4,518,17.297471,2.0,29.946573483670388,P01,unknown,external_video,1,0.00023302053,0,false_negative
0.5311766266822815,0.1908427029848098,-0.2972111403942108,0.5383405089378357,0.1598781794309616,-0.311372846364975,0.5439342856407166,0.1566014885902404,-0.3114291727542877,0.5499826073646545,0.1516090780496597,-0.3116542398929596,0.528817355632782,0.1637149453163147,-0.2748958170413971,0.527497410774231,0.1639075279235839,-0.2748139202594757,0.5264840126037598,0.1641091257333755,-0.2749045789241791,0.5766570568084717,0.1560386717319488,-0.3075674772262573,0.5506313443183899,0.1601722091436386,-0.1411311328411102,0.5486841797828674,0.2122792750597,-0.290965586900711,0.5384151339530945,0.2155608832836151,-0.2430706173181533,0.645673394203186,0.3050105571746826,-0.3606411516666412,0.5478691458702087,0.3193727135658264,0.0070626749657094,0.6415449976921082,0.5873045325279236,-0.3938157260417938,0.5229874849319458,0.5235012173652649,0.0712898299098014,0.565992534160614,0.7566835880279541,-0.3764448761940002,0.4895015656948089,0.6554266810417175,-0.0344244763255119,0.5353547930717468,0.7586144804954529,-0.4178327620029449,0.48253333568573,0.7032078504562378,-0.0414115227758884,0.5166194438934326,0.7462974786758423,-0.4087852835655212,0.4790778458118438,0.6866793036460876,-0.0818116888403892,0.5250715613365173,0.7366272807121277,-0.3685075044631958,0.4891086518764496,0.6727643013000488,-0.0546658188104629,0.6078554391860962,0.7337648272514343,-0.1114593967795372,0.5548589825630188,0.6988975405693054,0.1118046566843986,0.5161262154579163,0.9635475277900696,-0.2174704372882843,0.505355954170227,0.9066094756126404,0.1864506304264068,0.5994288325309753,1.0565414428710938,0.0891024693846702,0.5833910703659058,1.0364607572555542,0.3335586190223694,0.6275501847267151,1.044266700744629,0.1204893663525581,0.6031935214996338,1.0604896545410156,0.3501447141170501,0.5907573103904724,1.1619764566421509,0.1274710595607757,0.5725046992301941,1.149167776107788,0.3326526880264282,dataset\external_videos\incorrect\P01_incorrect_004.mp4,532,17.764971,2.0,29.946573483670388,P01,unknown,external_video,1,0.0009404809,0,false_negative
0.523186981678009,0.2023505419492721,-0.2921358346939087,0.5278011560440063,0.1696559786796569,-0.2958850562572479,0.5331028699874878,0.16483736038208,-0.2959053814411163,0.5385252237319946,0.1580946743488311,-0.2960477769374847,0.5194684863090515,0.1757144480943679,-0.2700482010841369,0.5183374285697937,0.1757517606019973,-0.2699213922023773,0.5175071358680725,0.1758864521980285,-0.2702218294143677,0.5629225969314575,0.1590896248817443,-0.2895063459873199,0.5408245921134949,0.1665684729814529,-0.1247540339827537,0.5429790019989014,0.2214270830154419,-0.2701865434646606,0.5323196053504944,0.2253748178482055,-0.2311715483665466,0.6456077694892883,0.3062485754489898,-0.3431895673274994,0.5471093654632568,0.319547951221466,0.0177550073713064,0.6407660841941833,0.5907688140869141,-0.3704406917095184,0.5239128470420837,0.528155505657196,0.0869006887078285,0.5647696256637573,0.7539924383163452,-0.3700136840343475,0.4879723787307739,0.6278629302978516,0.001827303553,0.5351536870002747,0.7554444074630737,-0.3940248787403106,0.4800396859645843,0.6653737425804138,-0.0049812784418463,0.5136667490005493,0.7446927428245544,-0.3780548274517059,0.4761600494384765,0.6464386582374573,-0.0464134328067302,0.5221327543258667,0.7351776361465454,-0.3615391552448272,0.4852859377861023,0.6363728046417236,-0.0190392844378948,0.6064673662185669,0.7338689565658569,-0.1107404306530952,0.5539161562919617,0.7003363370895386,0.1110844239592552,0.5159279704093933,0.9618072509765624,-0.2155843377113342,0.5038446187973022,0.9044373631477356,0.1770265996456146,0.5902072191238403,1.066419243812561,0.0913603380322456,0.5967320799827576,1.0234240293502808,0.3162731826305389,0.6171417236328125,1.0580015182495115,0.122832141816616,0.6177810430526733,1.008460283279419,0.3332458436489105,0.5814783573150635,1.174034595489502,0.1299684196710586,0.5995925664901733,1.1233949661254885,0.3238138556480407,dataset\external_videos\incorrect\P01_incorrect_004.mp4,546,18.23247,2.0,29.946573483670388,P01,unknown,external_video,1,0.003678551,0,false_negative
0.5206043720245361,0.2129470705986023,-0.2692656219005584,0.5247226357460022,0.180740013718605,-0.2836365401744842,0.5298242568969727,0.1755353063344955,-0.2837012708187103,0.5349641442298889,0.1688311100006103,-0.2838980555534363,0.5167016386985779,0.1867282688617706,-0.2488866448402404,0.515563428401947,0.1869578212499618,-0.2488389611244201,0.514717161655426,0.1871577054262161,-0.2489838004112243,0.5588744282722473,0.1601923406124115,-0.2990212440490722,0.53807133436203,0.1762882322072982,-0.1257069408893585,0.5410522818565369,0.2321934551000595,-0.2648662626743316,0.5304344296455383,0.2367180287837982,-0.2175421863794326,0.644997239112854,0.3065063655376434,-0.3470706641674042,0.5467661023139954,0.3225047588348388,0.0022580630611628,0.641136109828949,0.5941048860549927,-0.369197815656662,0.5225926041603088,0.5330250263214111,0.0737663581967353,0.5587144494056702,0.7303985357284546,-0.3498392701148987,0.4740764796733856,0.6191555857658386,-0.0418039672076702,0.5326932668685913,0.7621437311172485,-0.3820765316486358,0.4609379768371582,0.6526937484741211,-0.0530980788171291,0.5130308270454407,0.7487990856170654,-0.3750818371772766,0.4556824564933777,0.6333208680152893,-0.0925449281930923,0.5207192301750183,0.739158570766449,-0.3415726721286773,0.4665108323097229,0.6251893639564514,-0.0627199560403823,0.6052035689353943,0.7393158674240112,-0.110775239765644,0.5545157790184021,0.7007054686546326,0.1111152470111846,0.5139704346656799,0.9608102440834044,-0.2204451411962509,0.4919460713863373,0.9027742743492126,0.1570930331945419,0.5546208024024963,1.1292532682418823,0.088613748550415,0.5835939049720764,1.0365263223648071,0.3218507766723633,0.5783652067184448,1.1349352598190308,0.1182868555188179,0.604830801486969,1.039007306098938,0.3397591710090637,0.5262545347213745,1.242251753807068,0.0957565829157829,0.5753243565559387,1.1409080028533936,0.3221540749073028,dataset\external_videos\incorrect\P01_incorrect_004.mp4,560,18.699969,2.0,29.946573483670388,P01,unknown,external_video,1,0.0046531307,0,false_negative
0.5202398896217346,0.2168524265289306,-0.2834089696407318,0.5245802998542786,0.184378296136856,-0.2982564866542816,0.5297536253929138,0.1791830062866211,-0.2982363700866699,0.5350331664085388,0.1727120876312255,-0.2984024584293365,0.5160477757453918,0.1906812041997909,-0.2642126679420471,0.5146613717079163,0.1912453472614288,-0.2642043232917785,0.5135439038276672,0.1917970925569534,-0.2643128037452698,0.558669924736023,0.1610877215862274,-0.2960858047008514,0.5356201529502869,0.1822284460067749,-0.1378417313098907,0.5408421158790588,0.2365457117557525,-0.2760443091392517,0.529963493347168,0.2413176149129867,-0.2314859926700592,0.6443844437599182,0.308032751083374,-0.3430319428443908,0.5464516282081604,0.3233094215393066,-0.0087250713258981,0.6364061236381531,0.5974447727203369,-0.3599946796894073,0.5220018625259399,0.5316311717033386,-0.0277793407440185,0.550566554069519,0.7310782074928284,-0.342978835105896,0.4946838915348053,0.595459520816803,-0.215535968542099,0.5318275094032288,0.7630284428596497,-0.3771097958087921,0.4965110719203949,0.621714174747467,-0.2364514321088791,0.5210299491882324,0.7654833197593689,-0.3662889301776886,0.501328706741333,0.6054587364196777,-0.2508993744850158,0.5180723071098328,0.7391632795333862,-0.3336139023303985,0.5086813569068909,0.6016059517860413,-0.2262856513261795,0.6058797836303711,0.7382351160049438,-0.1089454218745231,0.5549253225326538,0.700470507144928,0.1092367172241211,0.5082119107246399,0.9602484703063964,-0.2066051810979843,0.4866085648536682,0.8934971690177917,0.1894849985837936,0.5969842076301575,1.0422046184539795,0.080720916390419,0.6104153990745544,0.871505081653595,0.3189540803432464,0.6234958171844482,1.021853804588318,0.1098617166280746,0.6282275915145874,0.92605459690094,0.3329037129878998,0.6186235547065735,1.1374074220657349,0.1259900480508804,0.6211440563201904,1.0274708271026611,0.3283802270889282,dataset\external_videos\incorrect\P01_incorrect_004.mp4,574,19.167468,2.0,29.946573483670388,P01,unknown,external_video,1,0.37387976,0,false_negative
0.4877456426620483,0.1864783018827438,-0.1777393370866775,0.4971327781677246,0.1564410477876663,-0.1928998976945877,0.502034604549408,0.1558318883180618,-0.1929064095020294,0.5076323747634888,0.155265063047409,-0.1930267065763473,0.4908733665943146,0.1561320722103119,-0.1563867628574371,0.4905462265014648,0.1554148942232132,-0.1563634127378463,0.490399569272995,0.1545890271663665,-0.1564485281705856,0.5338698625564575,0.1707967519760131,-0.2116670757532119,0.5101198554039001,0.1673686504364013,-0.0497638210654258,0.4990507066249847,0.2193014472723007,-0.1797299534082412,0.4913958311080932,0.2171216756105423,-0.1328125447034835,0.6039515137672424,0.3211681246757507,-0.2687416076660156,0.522698700428009,0.3422365188598633,0.0692663863301277,0.6316878199577332,0.5554718375205994,-0.2885197103023529,0.5279636383056641,0.536604106426239,0.132316380739212,0.5347691774368286,0.6606370806694031,-0.2508511245250702,0.4797938466072082,0.6431167721748352,0.0302381496876478,0.5127078294754028,0.7003830075263977,-0.2806705236434936,0.4648466408252716,0.6818522810935974,0.0102096023038029,0.4988499283790588,0.6745917797088623,-0.2746161520481109,0.4633220732212066,0.6673335433006287,-0.0225834362208843,0.5069832801818848,0.6589230895042419,-0.2444345653057098,0.4717764854431152,0.6547973155975342,0.0111945522949099,0.6266432404518127,0.6863915324211121,-0.1029987707734108,0.5724408030509949,0.6710963249206543,0.1032300814986229,0.4871744513511657,0.7264948487281799,-0.2613496482372284,0.4599868059158325,0.794295608997345,-0.0117131434381008,0.5294886827468872,0.9373719692230223,-0.0555766262114048,0.5714712142944336,0.9649510979652404,0.0919686928391456,0.5586719512939453,0.9609238505363464,-0.0326319262385368,0.5983343720436096,0.9753372669219972,0.1037259399890899,0.5004023909568787,1.0436373949050903,-0.0287028551101684,0.562518835067749,1.071696639060974,0.0877255871891975,dataset\external_videos\incorrect\P01_incorrect_004.mp4,2366,79.00737,2.0,29.946573483670388,P01,unknown,external_video,1,0.013964308,0,false_negative
0.5167121887207031,0.1516721546649933,-0.1337504088878631,0.5319719314575195,0.1183263063430786,-0.1439423412084579,0.536849856376648,0.1176392212510109,-0.1440372765064239,0.5421369671821594,0.1170848980545997,-0.1441648751497268,0.5244222283363342,0.1195877641439437,-0.1098188459873199,0.52414870262146,0.1194872260093689,-0.1097883433103561,0.5243288278579712,0.1192035675048828,-0.1098985150456428,0.5667094588279724,0.1341178268194198,-0.1547522246837616,0.5450472235679626,0.1317517757415771,-0.0057801050134003,0.5303499698638916,0.184019073843956,-0.1374075412750244,0.5194390416145325,0.1833508610725402,-0.0941713526844978,0.6233683824539185,0.304633229970932,-0.2369506359100341,0.5385057926177979,0.3160222172737121,0.1058303639292717,0.6136132478713989,0.5557295083999634,-0.2682017385959625,0.5160477161407471,0.5355322957038879,0.1558069288730621,0.527528703212738,0.6929790377616882,-0.2393239289522171,0.4544892907142639,0.6233311891555786,0.0575207099318504,0.5254494547843933,0.7342545390129089,-0.2680873274803161,0.4312873184680938,0.6520700454711914,0.0360727496445179,0.4976946413516998,0.7113503217697144,-0.2684296369552612,0.4269060492515564,0.6384674906730652,0.0009431829093955,0.5166995525360107,0.6976378560066223,-0.235659047961235,0.4398215115070343,0.6317288279533386,0.0363372229039669,0.6236742734909058,0.6877442002296448,-0.1028831899166107,0.5674598813056946,0.664823055267334,0.1031098738312721,0.4695567190647125,0.7602025270462036,-0.2108216434717178,0.4342518150806427,0.7558066844940186,-0.007329961284995,0.5017908811569214,0.9839190244674684,-0.0739380046725273,0.5191901326179504,0.9722905158996582,0.0802282392978668,0.526175320148468,1.0258245468139648,-0.0581951513886451,0.5405336618423462,0.990847110748291,0.0880597010254859,0.4588978588581085,1.0709549188613892,-0.0725521743297576,0.4952998459339142,1.0774109363555908,0.0629412531852722,dataset\external_videos\incorrect\P01_incorrect_004.mp4,2380,79.474869,2.0,29.946573483670388,P01,unknown,external_video,1,0.00090262335,0,false_negative
0.5249762535095215,0.1493371129035949,-0.1649509966373443,0.5380719304084778,0.1165667250752449,-0.179224207997322,0.5425832867622375,0.1160961166024208,-0.179321214556694,0.5477632880210876,0.115858606994152,-0.1794232279062271,0.5322238802909851,0.1161466762423515,-0.1345941424369812,0.532235324382782,0.1153162866830825,-0.1345322132110595,0.5324617624282837,0.1145027205348014,-0.1346488296985626,0.5722886323928833,0.1338772922754287,-0.2065364271402359,0.5542691946029663,0.1297050863504409,-0.0092139951884746,0.5354226231575012,0.1800725311040878,-0.1743306219577789,0.5276449918746948,0.1781086474657058,-0.1184622272849083,0.6290359497070312,0.2962398529052734,-0.2756862342357635,0.5525133013725281,0.3000054955482483,0.1053065583109855,0.6954298615455627,0.5234700441360474,-0.3406526446342468,0.5248734951019287,0.4913738667964935,0.1932590007781982,0.5800907015800476,0.6481006145477295,-0.3417013883590698,0.4563649296760559,0.6040529012680054,0.0904382020235061,0.5591999292373657,0.6845165491104126,-0.3817083239555359,0.4343920648097992,0.6287382245063782,0.0748437866568565,0.5444492697715759,0.6557870507240295,-0.3640327453613281,0.4323877692222595,0.6144607067108154,0.0318662412464618,0.5499342083930969,0.6457408666610718,-0.3301737010478973,0.4432843327522278,0.6082711815834045,0.066499151289463,0.6221051812171936,0.6895744800567627,-0.1043436005711555,0.5651107430458069,0.6664066910743713,0.1045988649129867,0.5180977582931519,0.8400295972824097,-0.2278316169977188,0.4397180378437042,0.8033847808837891,-0.0697893053293228,0.5630419850349426,1.0308785438537598,-0.0356270335614681,0.5073063373565674,1.0470750331878662,0.0921646878123283,0.5825847387313843,1.0548367500305176,-0.0137615194544196,0.5297921299934387,1.0699642896652222,0.1029399260878562,0.5410019159317017,1.1248661279678345,-0.0454285182058811,0.4767970442771911,1.170397162437439,0.0757068321108818,dataset\external_videos\incorrect\P01_incorrect_004.mp4,2394,79.942368,2.0,29.946573483670388,P01,unknown,external_video,1,0.00022071763,0,false_negative
0.5356155037879944,0.1466861367225647,-0.2533157765865326,0.5481361746788025,0.117555983364582,-0.2725958228111267,0.5531759858131409,0.1164804026484489,-0.2727038264274597,0.558796226978302,0.1156768351793289,-0.2728865444660187,0.5411775708198547,0.1177199482917785,-0.2292217314243316,0.5407425761222839,0.1166121214628219,-0.2290942221879959,0.5404897332191467,0.1155043169856071,-0.2291527241468429,0.5822629332542419,0.131299614906311,-0.2956723868846893,0.5593318343162537,0.126149520277977,-0.1028831973671913,0.5450948476791382,0.1767314821481704,-0.2580126225948334,0.5372107625007629,0.1740541011095047,-0.202353686094284,0.6321605443954468,0.29822838306427,-0.3387132883071899,0.5570118427276611,0.2937065958976745,0.0331626422703266,0.6934386491775513,0.5207915902137756,-0.3816755712032318,0.5373300313949585,0.4772271513938904,0.1386141926050186,0.5828839540481567,0.648136556148529,-0.3606806397438049,0.5122913718223572,0.5972468256950378,0.0414017550647258,0.5606327652931213,0.6855943202972412,-0.4016570448875427,0.4859223067760467,0.6380332112312317,0.0262921880930662,0.5467166900634766,0.659081220626831,-0.3840513229370117,0.4823221266269684,0.6298550963401794,-0.0154812503606081,0.5517828464508057,0.6446853280067444,-0.3487168550491333,0.4911631941795349,0.6200708746910095,0.0190084110945463,0.6173369884490967,0.68769371509552,-0.1004208996891975,0.560809314250946,0.6649655103683472,0.100829891860485,0.5574972629547119,0.8443976640701294,-0.1020005121827125,0.4856573343276977,0.8398350477218628,0.1022466197609901,0.5867148041725159,1.0217825174331665,0.1897044628858566,0.5319779515266418,1.0454671382904053,0.3608652651309967,0.6013283133506775,1.0451349020004272,0.2178737223148346,0.5498220324516296,1.0693891048431396,0.3851274847984314,0.5715532302856445,1.1109472513198853,0.1683098524808883,0.4980079233646393,1.1498916149139404,0.341001033782959,dataset\external_videos\incorrect\P01_incorrect_004.mp4,2408,80.409867,2.0,29.946573483670388,P01,unknown,external_video,1,3.951529e-05,0,false_negative
0.5377929210662842,0.1493614017963409,-0.2243778109550476,0.5504185557365417,0.1225903108716011,-0.2434356212615966,0.5551174879074097,0.1215697824954986,-0.2435455173254013,0.560272753238678,0.1209556683897972,-0.2437387406826019,0.5434272289276123,0.1230386644601821,-0.2004597932100296,0.5429495573043823,0.1222229823470115,-0.2003108561038971,0.5426576733589172,0.1214452534914016,-0.2003607153892517,0.5846616625785828,0.1354014873504638,-0.2671051621437073,0.560968279838562,0.1306087076663971,-0.0772781521081924,0.548446774482727,0.1798383891582489,-0.2296214401721954,0.5403659343719482,0.1786211729049682,-0.174387127161026,0.6280139684677124,0.2949651777744293,-0.3189820349216461,0.5649760365486145,0.2867369055747986,0.0494010709226131,0.7207403779029846,0.514677882194519,-0.3694562315940857,0.5489826798439026,0.4794359505176544,0.1641665399074554,0.603919267654419,0.6570687294006348,-0.3402245342731476,0.5176101326942444,0.594872772693634,0.0637910291552543,0.5812594890594482,0.6923869848251343,-0.3819107711315155,0.5021792054176331,0.6483301520347595,0.0517722517251968,0.5608294606208801,0.663899302482605,-0.3579099774360657,0.4994436502456665,0.6409834623336792,0.0076795960776507,0.5679470896720886,0.647781252861023,-0.3252523243427276,0.5073850750923157,0.629986047744751,0.0408528968691825,0.6029626727104187,0.6939375996589661,-0.1062287539243698,0.5573590993881226,0.6663081645965576,0.106689304113388,0.541802704334259,0.8938112854957581,-0.1530871987342834,0.4625007212162018,0.8534628748893738,0.0428494103252887,0.5703653693199158,1.108508586883545,0.0106681855395436,0.5226260423660278,1.0947883129119873,0.2277775108814239,0.5872447490692139,1.1376309394836426,0.0269876755774021,0.5475051403045654,1.1283929347991943,0.2450809925794601,0.5487569570541382,1.201118230819702,-0.0244435761123895,0.470260888338089,1.193967342376709,0.2461079657077789,dataset\external_videos\incorrect\P01_incorrect_004.mp4,2422,80.877367,2.0,29.946573483670388,P01,unknown,external_video,1,0.00049277593,0,false_negative
0.5341016054153442,0.150425910949707,-0.1222040951251983,0.5485647320747375,0.1209107041358947,-0.135261982679367,0.5533564686775208,0.1196572482585907,-0.1353776007890701,0.5588521957397461,0.1187933161854744,-0.1355614066123962,0.5413903594017029,0.1221681982278823,-0.0922859534621238,0.5410524010658264,0.1213708221912384,-0.0921380296349525,0.5408928394317627,0.1207571104168891,-0.0921937748789787,0.5839012265205383,0.1332907229661941,-0.1509472578763961,0.5601613521575928,0.1292126029729843,0.0386686697602272,0.5460109710693359,0.180610790848732,-0.1272040903568267,0.5378297567367554,0.1806565523147583,-0.0720185339450836,0.6273815631866455,0.2905889749526977,-0.2369442731142044,0.5639830231666565,0.2942536175251007,0.1750898957252502,0.7303960919380188,0.4962057173252105,-0.3406813740730285,0.5513623952865601,0.4847172498703003,0.2123394906520843,0.6167983412742615,0.6521848440170288,-0.3229703307151794,0.5206977725028992,0.6131194233894348,0.101684346795082,0.5977224707603455,0.6936677694320679,-0.3637650609016418,0.5102390646934509,0.6630390286445618,0.0914788916707038,0.5749479532241821,0.6676635146141052,-0.3383545279502868,0.5063800811767578,0.6385517716407776,0.051512561738491,0.5814679265022278,0.6509755849838257,-0.3082931935787201,0.5130714178085327,0.6448665261268616,0.0796752497553825,0.589617908000946,0.7111873626708984,-0.1174717471003532,0.5470806956291199,0.685238242149353,0.1177985817193985,0.5158745646476746,0.8868870139122009,-0.2990575134754181,0.4179937541484833,0.8488441705703735,-0.012634509243071,0.5695833563804626,1.0709519386291504,-0.0651761516928672,0.4763322472572326,1.1072189807891846,0.1008307188749313,0.5851634740829468,1.0948458909988403,-0.0383896417915821,0.5026710629463196,1.141563892364502,0.111484408378601,0.5432446002960205,1.1705057621002195,-0.0363475158810615,0.4265014827251434,1.231893539428711,0.0910755693912506,dataset\external_videos\incorrect\P01_incorrect_004.mp4,2436,81.344866,2.0,29.946573483670388,P01,unknown,external_video,1,0.0015913758,0,false_negative
0.5418294072151184,0.1451014429330825,-0.1895521581172943,0.5567730069160461,0.1179930418729782,-0.2005813121795654,0.5618371963500977,0.1176855340600013,-0.2007192820310592,0.5675942897796631,0.118081547319889,-0.2008918225765228,0.5494301915168762,0.1180212423205375,-0.1619264483451843,0.548907458782196,0.1173305809497833,-0.1617844700813293,0.5485184192657471,0.1168974190950393,-0.1618131846189499,0.5913695693016052,0.1364208757877349,-0.1969225704669952,0.566133439540863,0.1297650188207626,-0.0265525057911872,0.5524187088012695,0.1776187121868133,-0.1876080334186554,0.5439056754112244,0.1767456829547882,-0.1379303485155105,0.628093957901001,0.2948939502239227,-0.2645933032035827,0.5600703954696655,0.2953551709651947,0.1365177482366562,0.7120920419692993,0.5052884817123413,-0.356343150138855,0.5442933440208435,0.4863845705986023,0.1791542470455169,0.5976506471633911,0.6654706001281738,-0.3816039860248565,0.5123555064201355,0.6063419580459595,0.0512708649039268,0.5782333016395569,0.7054470181465149,-0.4257152676582336,0.4965070486068725,0.6581266522407532,0.0316886380314827,0.5601416826248169,0.6760988235473633,-0.4075746238231659,0.4951330125331878,0.628492534160614,-0.0101284645497798,0.5650789141654968,0.6622363328933716,-0.3692666292190552,0.5061718821525574,0.632210910320282,0.028045130893588,0.5887585878372192,0.7116155624389648,-0.0958948880434036,0.5400403141975403,0.6849200129508972,0.0961934849619865,0.5742340087890625,0.7773170471191406,-0.0668527036905288,0.4375810325145721,0.8251594305038452,-0.0183879192918539,0.616279661655426,0.913860321044922,0.2635717689990997,0.5026063323020935,1.031197428703308,0.116481103003025,0.6284460425376892,0.9311091899871826,0.2974056601524353,0.526542067527771,1.0587599277496338,0.1292022168636322,0.6152216792106628,1.0076897144317627,0.2771184146404266,0.4692248702049255,1.1319525241851809,0.0867174491286277,dataset\external_videos\incorrect\P01_incorrect_004.mp4,2450,81.812365,2.0,29.946573483670388,P01,unknown,external_video,1,0.00070368877,0,false_negative
0.5434271097183228,0.1499872505664825,-0.2183537632226944,0.5579516291618347,0.123013362288475,-0.2374485284090042,0.5630035996437073,0.1227786317467689,-0.2376115471124649,0.5686622262001038,0.1231376752257347,-0.237850934267044,0.5503135323524475,0.1227896362543106,-0.1928450018167495,0.5496353507041931,0.1222492083907127,-0.1926712095737457,0.5490812063217163,0.1218560934066772,-0.1927127987146377,0.5927232503890991,0.1411750018596649,-0.261741429567337,0.5675563216209412,0.133986696600914,-0.0640068128705024,0.5550315380096436,0.1823862046003341,-0.2236659526824951,0.5456567406654358,0.1814857125282287,-0.1663762032985687,0.6293336153030396,0.2974081337451935,-0.3351365923881531,0.5653725266456604,0.2945185899734497,0.1234792470932006,0.7196025848388672,0.5097718238830566,-0.3642725348472595,0.5484541654586792,0.4771785140037536,0.179213210940361,0.6298462152481079,0.7022173404693604,-0.3378535211086273,0.5070996284484863,0.6057982444763184,0.0816175565123558,0.6188873648643494,0.7517197132110596,-0.3787085115909576,0.4933907687664032,0.6516254544258118,0.0742570608854293,0.5977441668510437,0.7222437858581543,-0.367297500371933,0.4940787553787231,0.6274256110191345,0.0293016675859689,0.5988328456878662,0.7067978382110596,-0.3277029991149902,0.4998348355293274,0.6342887878417969,0.0577975884079933,0.589457631111145,0.7185900211334229,-0.1107811778783798,0.5425650477409363,0.6848334670066833,0.1113443374633789,0.5558112263679504,0.8860646486282349,-0.1020421758294105,0.4493009150028229,0.853841245174408,0.1408227831125259,0.5399453639984131,1.128315567970276,0.1421751379966735,0.4731906354427337,1.0969451665878296,0.3474560678005218,0.5481467843055725,1.1775227785110474,0.16512531042099,0.4864012598991394,1.139025330543518,0.3665418922901153,0.4992842078208923,1.1864235401153564,0.1265914440155029,0.4193596541881561,1.1737767457962036,0.3286260962486267,dataset\external_videos\incorrect\P01_incorrect_004.mp4,2464,82.279864,2.0,29.946573483670388,P01,unknown,external_video,1,0.0002770136,0,false_negative
0.5448423624038696,0.1491807997226715,-0.2075331658124923,0.5591440796852112,0.120516262948513,-0.2305984199047088,0.5641310811042786,0.1198078170418739,-0.2307493835687637,0.5697677731513977,0.119649238884449,-0.2309124022722244,0.5514670610427856,0.1208432093262672,-0.184000164270401,0.5509851574897766,0.1203012689948082,-0.183903694152832,0.5506579875946045,0.1199449300765991,-0.1840150356292724,0.5940662026405334,0.1361099183559417,-0.2809833884239197,0.5711681246757507,0.1316812634468078,-0.069892980158329,0.557600736618042,0.1806526929140091,-0.2212905287742614,0.5483707189559937,0.1800106167793274,-0.160825565457344,0.6383453607559204,0.2976134717464447,-0.3515639007091522,0.5728543400764465,0.2968782484531402,0.0902264043688774,0.6961801052093506,0.5613122582435608,-0.3948838114738464,0.5413312315940857,0.4797293841838836,0.1796041131019592,0.6004558801651001,0.7258315086364746,-0.3883087933063507,0.4692631065845489,0.6050429344177246,0.081644058227539,0.5844166278839111,0.7645294070243835,-0.4346379935741424,0.446876049041748,0.6462822556495667,0.0741913989186286,0.5679561495780945,0.7293598651885986,-0.4306233823299408,0.4409097731113434,0.623889148235321,0.0234950259327888,0.5725334286689758,0.7146274447441101,-0.382832795381546,0.4533472955226898,0.6326279640197754,0.0553000457584857,0.590814471244812,0.7282033562660217,-0.1131540089845657,0.5498021245002747,0.6844781637191772,0.1135976538062095,0.52204430103302,0.8787489533424377,-0.1005647331476211,0.4487827122211456,0.8456910848617554,0.159269630908966,0.5384016036987305,1.1044381856918335,0.1063635572791099,0.4694101512432098,1.0818339586257937,0.3141705393791199,0.552936851978302,1.1409200429916382,0.1270070821046829,0.4844254851341247,1.1199344396591189,0.3282942175865173,0.5051131844520569,1.182127594947815,0.0960687547922134,0.414972722530365,1.172283411026001,0.2969658970832824,dataset\external_videos\incorrect\P01_incorrect_004.mp4,2478,82.747363,2.0,29.946573483670388,P01,unknown,external_video,1,0.00015962646,0,false_negative
0.5186758637428284,0.1762286573648452,-0.1845587939023971,0.5295513272285461,0.1461082249879837,-0.2251384109258651,0.5329394340515137,0.1456985920667648,-0.2254207134246826,0.5366470217704773,0.1453198343515396,-0.2256588637828827,0.5271446704864502,0.1450706869363784,-0.1626041531562805,0.5286182165145874,0.1438432186841964,-0.1626112759113311,0.5305439233779907,0.1424906700849533,-0.1627895981073379,0.5610388517379761,0.1584681868553161,-0.2768950164318084,0.5554935932159424,0.1533505618572235,-0.0633270069956779,0.5299808979034424,0.2055318057537078,-0.2148335725069046,0.5263251066207886,0.2052848041057586,-0.1402241885662078,0.6274316906929016,0.3254507482051849,-0.3474473357200622,0.5707921385765076,0.3222227990627289,0.0991376265883445,0.6870140433311462,0.5634455680847168,-0.3684675991535187,0.5379130244255066,0.511085033416748,0.2192693054676056,0.6084964275360107,0.7446350455284119,-0.3590726852416992,0.451494961977005,0.5940283536911011,0.1502600461244583,0.6002411246299744,0.8082836866378784,-0.3948424458503723,0.4331357181072235,0.6203546524047852,0.1474802494049072,0.5775035619735718,0.7577680945396423,-0.3874680697917938,0.4261188805103302,0.6055059432983398,0.1009352505207061,0.5811625719070435,0.7417891621589661,-0.345371812582016,0.4357092678546905,0.6069901585578918,0.1255093067884445,0.5875979065895081,0.7481042742729187,-0.118069514632225,0.5482912063598633,0.7083102464675903,0.1184454932808876,0.5042098760604858,0.9245994687080384,-0.0565322451293468,0.4482666850090027,0.8748850226402283,0.2211236804723739,0.4893154203891754,1.1366456747055054,0.2617636919021606,0.4470349550247192,1.1034002304077148,0.4600488841533661,0.5004693269729614,1.176442265510559,0.2909280657768249,0.4578798413276672,1.1423242092132568,0.4826974868774414,0.4370859861373901,1.190536618232727,0.2466242760419845,0.3895723223686218,1.174633502960205,0.4412614703178406,dataset\external_videos\incorrect\P01_incorrect_004.mp4,2492,83.214863,2.0,29.946573483670388,P01,unknown,external_video,1,3.8238995e-05,0,false_negative
0.4962327778339386,0.2184619009494781,-0.1957083642482757,0.5057374238967896,0.1906688511371612,-0.2288932651281356,0.5096072554588318,0.189591184258461,-0.2290571480989456,0.5138700008392334,0.1881736516952514,-0.2292119115591049,0.5024032592773438,0.1904056370258331,-0.1729950159788131,0.5038810968399048,0.1890754550695419,-0.1729871779680252,0.5059360265731812,0.187521293759346,-0.1731137186288833,0.5391002297401428,0.1939572393894195,-0.2993814349174499,0.5303778648376465,0.1915272921323776,-0.0677088573575019,0.5098980665206909,0.2489345669746399,-0.2217817902565002,0.5064743757247925,0.2486874908208847,-0.1512379348278045,0.6149845123291016,0.354684829711914,-0.3543874025344848,0.5573118329048157,0.3459084630012512,0.0814228802919387,0.6820926070213318,0.5870682597160339,-0.3970837295055389,0.5303165912628174,0.5366869568824768,0.2244184613227844,0.6011160016059875,0.7311892509460449,-0.4201696217060089,0.4082367122173309,0.576236367225647,0.1812863051891327,0.5841547846794128,0.7656069993972778,-0.4691652357578277,0.378595232963562,0.5780676603317261,0.1834847331047058,0.566979169845581,0.7258804440498352,-0.4639641046524048,0.3636971712112427,0.5590769648551941,0.1319743543863296,0.5722911357879639,0.7138651013374329,-0.4154152274131775,0.3770793974399566,0.5616939067840576,0.1552362442016601,0.5896323919296265,0.7571797966957092,-0.1177686378359794,0.5479627847671509,0.7133932709693909,0.1181821897625923,0.5051530003547668,0.9262506365776062,-0.1062513515353202,0.4518254697322845,0.8803176283836365,0.1474016159772873,0.5300608277320862,1.1519725322723389,0.1639114171266555,0.4488554000854492,1.126228928565979,0.3577813506126404,0.548724353313446,1.1859434843063354,0.1898840069770813,0.4663046896457672,1.1651699542999268,0.3783760070800781,0.4957928359508514,1.2339588403701782,0.1559666991233825,0.4021506607532501,1.2092926502227783,0.3385921418666839,dataset\external_videos\incorrect\P01_incorrect_004.mp4,2506,83.682362,2.0,29.946573483670388,P01,unknown,external_video,1,0.00012915432,0,false_negative
0.4901109039783478,0.2303081601858139,-0.1676110625267028,0.4996989369392395,0.2034869194030761,-0.1958423405885696,0.503546416759491,0.2021654546260833,-0.1959276646375656,0.507770836353302,0.2005320191383361,-0.1960514485836029,0.4962173104286194,0.2032976299524307,-0.1450561732053756,0.4975959062576294,0.2018826156854629,-0.1451005786657333,0.4995712041854858,0.2001853138208389,-0.1452035307884216,0.5334550142288208,0.2051974087953567,-0.284763902425766,0.5237066149711609,0.2033138573169708,-0.0436163134872913,0.503926157951355,0.2599288523197174,-0.1927076280117035,0.5001651048660278,0.2594595849514007,-0.1260154992341995,0.6120542287826538,0.365645557641983,-0.3235913813114166,0.5516944527626038,0.3552836179733276,0.0830132663249969,0.6895056962966919,0.5898174047470093,-0.344692200422287,0.5318067669868469,0.5489760637283325,0.1996781826019287,0.6157472729682922,0.7440118789672852,-0.3519100844860077,0.4331918358802795,0.6183722019195557,0.1237189918756485,0.601298987865448,0.8132186532020569,-0.4000006914138794,0.4079299569129944,0.6400640606880188,0.1170198619365692,0.5758411884307861,0.7525736093521118,-0.4123373925685882,0.4011998176574707,0.6295760273933411,0.072230540215969,0.5826659798622131,0.737102210521698,-0.3553703129291534,0.4131903648376465,0.626259446144104,0.1002923995256424,0.5876811146736145,0.7752559781074524,-0.1205592676997184,0.5440174341201782,0.7103590369224548,0.1209330558776855,0.456428200006485,0.8523959517478943,-0.1662162095308303,0.3886802494525909,0.8014957904815674,0.0425122119486331,0.4160997569561004,1.1211116313934326,0.0215622205287218,0.370666354894638,1.1018457412719729,0.1860563904047012,0.4270277619361877,1.1602674722671509,0.040106888860464,0.3869793713092804,1.1560213565826416,0.1985745429992675,0.3583018481731415,1.2006207704544067,0.0008851447491906,0.3019028902053833,1.1809817552566528,0.1581512987613678,dataset\external_videos\incorrect\P01_incorrect_004.mp4,2520,84.149861,2.0,29.946573483670388,P01,unknown,external_video,1,0.0008441451,0,false_negative
0.495920717716217,0.2384951263666153,-0.1739847213029861,0.50521320104599,0.2110727131366729,-0.202197715640068,0.5092300176620483,0.2094827741384506,-0.2023096084594726,0.5134864449501038,0.2076600492000579,-0.2023607790470123,0.5008748173713684,0.2115185856819152,-0.1504652947187423,0.5016471743583679,0.2101934850215912,-0.1506030112504959,0.5028697848320007,0.2087679505348205,-0.1507784724235534,0.5386419892311096,0.2103185355663299,-0.2723515331745147,0.5265127420425415,0.2112758308649063,-0.0459118597209453,0.5091332793235779,0.2663297057151794,-0.1980684101581573,0.5044202208518982,0.2673945128917694,-0.1314183324575424,0.6149904131889343,0.3691891133785248,-0.3207602202892303,0.5453015565872192,0.3657708168029785,0.0832332819700241,0.6895684003829956,0.5989761352539062,-0.3687905073165893,0.5250552296638489,0.5528538227081299,0.2235465198755264,0.6066843271255493,0.7327150702476501,-0.4100826382637024,0.40497487783432,0.5840214490890503,0.178165853023529,0.589988112449646,0.7802197337150574,-0.4547195434570312,0.393387496471405,0.6155436635017395,0.1745550036430359,0.5688047409057617,0.7342560291290283,-0.4492630958557129,0.3694926500320434,0.5759646892547607,0.1260708421468734,0.5750129222869873,0.7199720144271851,-0.4054467976093292,0.3835745751857757,0.5775392651557922,0.1531381458044052,0.5883786082267761,0.7681004405021667,-0.1175399720668792,0.5433675050735474,0.717101514339447,0.117949292063713,0.5011060833930969,0.8886051177978516,-0.1518599241971969,0.389723390340805,0.8090676069259644,-0.0335451103746891,0.5164269804954529,1.1259961128234863,0.0277997329831123,0.3887020349502563,1.0943626165390017,0.1421283185482025,0.5293190479278564,1.1625207662582395,0.058650754392147,0.4057822823524475,1.140066146850586,0.1598722785711288,0.4903059303760528,1.2084486484527588,0.043185967952013,0.3270550966262817,1.1782543659210205,0.1102200970053672,dataset\external_videos\incorrect\P01_incorrect_004.mp4,2534,84.61736,2.0,29.946573483670388,P01,unknown,external_video,1,0.0006518042,0,false_negative
0.4982682168483734,0.2476567029953003,-0.2318952083587646,0.5059546828269958,0.2188106477260589,-0.2603896260261535,0.5098252296447754,0.2168214321136474,-0.2604658901691437,0.5138521790504456,0.2144785225391388,-0.2606043517589569,0.5017922520637512,0.2196624428033828,-0.2103344798088073,0.5024468898773193,0.2184219658374786,-0.2103458791971206,0.5035091638565063,0.2169319838285446,-0.2104375958442688,0.5387038588523865,0.2126977741718292,-0.3198727667331695,0.5273273587226868,0.2144881188869476,-0.0971198379993438,0.5115309357643127,0.2736182808876037,-0.2493339926004409,0.5066706538200378,0.2749550342559814,-0.1842800080776214,0.6153679490089417,0.3671070039272308,-0.3629460036754608,0.5572238564491272,0.3591905534267425,0.0434830039739608,0.6927016377449036,0.5965338945388794,-0.4085443913936615,0.5512087941169739,0.5454027652740479,0.1841251701116562,0.6116812825202942,0.7317803502082825,-0.4205303490161896,0.4945827126502991,0.6166638731956482,0.1374400109052658,0.5890823602676392,0.768660843372345,-0.4731457829475403,0.4861015081405639,0.6514962911605835,0.1288331598043441,0.571664571762085,0.7298676371574402,-0.4630555212497711,0.4797544181346893,0.6364113688468933,0.0872697085142135,0.5786457061767578,0.7160993218421936,-0.4135668873786926,0.4856175482273102,0.629460871219635,0.1125464886426925,0.5889453291893005,0.7744761109352112,-0.1210094168782234,0.543965220451355,0.7138507962226868,0.1214021816849708,0.4817838370800018,0.8880646824836731,-0.1314602643251419,0.4010469317436218,0.8119275569915771,0.0860043689608573,0.4550524055957794,1.1181432008743286,0.1235657632350921,0.4090090692043304,1.0886094570159912,0.3061673939228058,0.4659148454666137,1.1569221019744873,0.1505307406187057,0.4265971779823303,1.1321313381195068,0.3270655274391174,0.4044685065746307,1.1989485025405884,0.1100949347019195,0.3527701497077942,1.1750836372375488,0.2937828302383423,dataset\external_videos\incorrect\P01_incorrect_004.mp4,2548,85.08486,2.0,29.946573483670388,P01,unknown,external_video,1,0.0025853321,0,false_negative
0.4996763169765472,0.2530830204486847,-0.2193558365106582,0.5068036317825317,0.2232261896133422,-0.246489018201828,0.5105294585227966,0.2209509462118148,-0.2465800791978836,0.5143908262252808,0.2183616459369659,-0.2467165142297744,0.5026033520698547,0.2248175144195556,-0.197251096367836,0.5031750202178955,0.2239558547735214,-0.1972346007823944,0.5041067004203796,0.222754567861557,-0.1973216533660888,0.5389536619186401,0.2156750559806823,-0.3049963414669037,0.5274327993392944,0.2191714793443679,-0.0847562775015831,0.5128812789916992,0.2779898941516876,-0.2365853637456894,0.507903516292572,0.2799986600875854,-0.1725898683071136,0.6168811917304993,0.366430401802063,-0.3512457609176636,0.5565483570098877,0.3592943847179413,0.0519360117614269,0.6907285451889038,0.5997281074523926,-0.3956417441368103,0.5472749471664429,0.55100417137146,0.1853199154138565,0.6090604066848755,0.7263869643211365,-0.3999229967594147,0.4847477674484253,0.6209091544151306,0.1294494718313217,0.5867199301719666,0.7624782919883728,-0.4489346742630005,0.4734176099300384,0.6519665718078613,0.1221223771572113,0.5714225172996521,0.7240009307861328,-0.437031477689743,0.4677256643772125,0.6371704339981079,0.0777760818600654,0.5766626596450806,0.7107753157615662,-0.3917693495750427,0.4747096002101898,0.6310290098190308,0.1063958331942558,0.5969552993774414,0.7688674926757812,-0.1212327182292938,0.5489628314971924,0.7142541408538818,0.1216500774025917,0.4869549572467804,0.8887016177177429,-0.129294291138649,0.4047974944114685,0.8169762492179871,0.0951145142316818,0.4569063186645508,1.1275079250335691,0.1198746040463447,0.4206303358078003,1.0914384126663208,0.2999745905399322,0.4758328795433044,1.168828368186951,0.1498848795890808,0.4424516558647156,1.1309070587158203,0.3200162649154663,0.4111842513084411,1.2006897926330566,0.0945120528340339,0.3674173355102539,1.184685468673706,0.2876418232917785,dataset\external_videos\incorrect\P01_incorrect_004.mp4,2562,85.552359,2.0,29.946573483670388,P01,unknown,external_video,1,0.0018051174,0,false_negative
0.495542824268341,0.253527969121933,-0.2444614022970199,0.5019178986549377,0.2246948033571243,-0.2700291275978088,0.5055763721466064,0.2228480726480484,-0.2700862288475036,0.5096261501312256,0.2205274999141693,-0.2702322602272033,0.4975766539573669,0.2256968021392822,-0.2220556885004043,0.4982726275920868,0.2248053848743438,-0.2220612913370132,0.4993613958358764,0.2235163301229477,-0.2221366912126541,0.5344432592391968,0.2197127342224121,-0.3191792666912079,0.5226923823356628,0.2206418812274933,-0.1041382774710655,0.5095217823982239,0.2809066772460937,-0.2578868865966797,0.5050855278968811,0.281868427991867,-0.1953683793544769,0.6159955263137817,0.3743866384029388,-0.3556148707866668,0.5576118230819702,0.3558992743492126,0.0411533005535602,0.690723180770874,0.6052556037902832,-0.4043819308280945,0.5546696186065674,0.5475196838378906,0.1876328140497207,0.610581636428833,0.7313351631164551,-0.4100726842880249,0.4937244653701782,0.6210596561431885,0.1448219418525695,0.5870932936668396,0.7645969986915588,-0.4597999453544616,0.4816260039806366,0.6533697843551636,0.1390773504972458,0.5692535638809204,0.7207552194595337,-0.4487141966819763,0.4779614210128784,0.6433247327804565,0.093604065477848,0.574773371219635,0.7081379890441895,-0.4024501740932464,0.4849034547805786,0.6369591355323792,0.1229379475116729,0.5971708297729492,0.774627149105072,-0.1222485974431037,0.5514866709709167,0.7129896879196167,0.1226822361350059,0.4712352752685547,0.8628742694854736,-0.1314221024513244,0.3990437686443329,0.7730111479759216,0.0897642225027084,0.4315161108970642,1.1048442125320437,0.1210026741027832,0.4001175165176391,1.0553226470947266,0.2797075808048248,0.4427147209644317,1.1531426906585691,0.1482281386852264,0.4193599820137024,1.097764015197754,0.2984327375888824,0.3759258091449737,1.1621030569076538,0.1023368686437606,0.337155669927597,1.149271011352539,0.2634325325489044,dataset\external_videos\incorrect\P01_incorrect_004.mp4,2576,86.019858,2.0,29.946573483670388,P01,unknown,external_video,1,0.0090097105,0,false_negative
0.4961185455322265,0.2608213722705841,-0.2318897396326065,0.5021255612373352,0.230480208992958,-0.2588416337966919,0.5058363676071167,0.2283840179443359,-0.2589468359947204,0.5098419785499573,0.225675880908966,-0.2590804398059845,0.4978476166725158,0.232292965054512,-0.2086545974016189,0.4984143078327179,0.2316760122776031,-0.2086377143859863,0.4993580877780914,0.2305349707603454,-0.208723783493042,0.5341247320175171,0.2226628363132476,-0.3146408498287201,0.5228225588798523,0.2260337620973587,-0.0903186649084091,0.5101443529129028,0.2858157157897949,-0.2473170608282089,0.50559002161026,0.2875778973102569,-0.1821786761283874,0.6164568066596985,0.373166024684906,-0.3538452088832855,0.5528318881988525,0.362923264503479,0.0504503473639488,0.6903459429740906,0.6032093167304993,-0.4053971469402313,0.5512821674346924,0.5504870414733887,0.2018337696790695,0.6103394031524658,0.7298896312713623,-0.4192058145999908,0.4870580732822418,0.6186278462409973,0.1533987373113632,0.5829508304595947,0.7617855668067932,-0.4710758924484253,0.4736295640468597,0.6550118327140808,0.1495803147554397,0.5679757595062256,0.7192401885986328,-0.4569591283798218,0.4684654176235199,0.6433627009391785,0.1019172370433807,0.5736585855484009,0.707057535648346,-0.4104261696338653,0.4764423966407776,0.6371014714241028,0.1301019787788391,0.5976170301437378,0.7724137902259827,-0.1216973587870597,0.5511475801467896,0.7212647199630737,0.1221399679780006,0.5224913358688354,0.938277304172516,-0.1197340115904808,0.4340144395828247,0.8757702112197876,0.1217647045850753,0.5269148349761963,1.153624176979065,0.1884482949972152,0.4359193742275238,1.1201969385147097,0.3772316575050354,0.5408135056495667,1.189763069152832,0.2164981663227081,0.4511691331863403,1.1555583477020264,0.4014512598514557,0.4944718182086944,1.2236425876617432,0.1445945650339126,0.3862898051738739,1.2109997272491455,0.3399233222007751,dataset\external_videos\incorrect\P01_incorrect_004.mp4,2590,86.487357,2.0,29.946573483670388,P01,unknown,external_video,1,0.0019021218,0,false_negative
0.4953522682189941,0.2600473761558532,-0.2802450954914093,0.5010112524032593,0.2301943600177765,-0.3016584515571594,0.5048162937164307,0.2280938029289245,-0.3017721474170685,0.5089687705039978,0.2253762036561966,-0.3019643723964691,0.4963268339633941,0.2318617701530456,-0.2548660039901733,0.4966692626476288,0.2312001585960388,-0.2548358142375946,0.4973809421062469,0.2300280183553695,-0.2549141347408294,0.5334466099739075,0.2226578444242477,-0.328640878200531,0.5206370949745178,0.225635215640068,-0.1163887605071067,0.5096609592437744,0.2862687706947326,-0.2846491038799286,0.5048154592514038,0.2877764701843261,-0.223083809018135,0.6165014505386353,0.3739708364009857,-0.35357666015625,0.550060510635376,0.3615316748619079,0.0242869593203067,0.6933587789535522,0.599399209022522,-0.4031644165515899,0.5484322905540466,0.5507205724716187,0.1546216458082199,0.6199072599411011,0.7382670640945435,-0.4347720146179199,0.4994296431541443,0.6373074054718018,0.0792250707745552,0.6146347522735596,0.8033294677734375,-0.4889068901538849,0.4919445216655731,0.6761850118637085,0.0683811828494072,0.5791582465171814,0.7476758360862732,-0.484741598367691,0.4873988926410675,0.6671667695045471,0.0181143917143344,0.5850695967674255,0.7302929162979126,-0.4311816096305847,0.4937109351158142,0.6576544046401978,0.0546217374503612,0.5976688861846924,0.7700265645980835,-0.1180418953299522,0.5497644543647766,0.7208213210105896,0.118611142039299,0.5174580812454224,0.9289649724960328,-0.1919115036725998,0.4311667084693908,0.8611294627189636,-0.0053227418102324,0.5102876424789429,1.159010887145996,0.0788103565573692,0.4389608502388,1.1120154857635498,0.242060586810112,0.5208659768104553,1.1952333450317385,0.1023055389523506,0.4551976025104522,1.1479666233062744,0.2664672136306762,0.4805850684642792,1.2387006282806396,0.0195303633809089,0.3903528749942779,1.2079064846038818,0.1954158395528793,dataset\external_videos\incorrect\P01_incorrect_004.mp4,2604,86.954857,2.0,29.946573483670388,P01,unknown,external_video,1,0.009549679,0,false_negative
0.4958835542201996,0.2596493363380432,-0.2592025995254516,0.5019434690475464,0.2297313660383224,-0.2846723198890686,0.5058354735374451,0.2276038378477096,-0.2847957015037536,0.509998083114624,0.22495698928833,-0.2849659919738769,0.4971409440040588,0.2313510179519653,-0.2360783219337463,0.497383177280426,0.2307062149047851,-0.2360275536775589,0.4979763925075531,0.2296299040317535,-0.2361057847738266,0.5344356894493103,0.2231100499629974,-0.3271959125995636,0.5210800766944885,0.2261522263288498,-0.1070920750498771,0.50996333360672,0.2857207357883453,-0.2690650224685669,0.5048109292984009,0.2874219119548797,-0.2055146545171737,0.6170369982719421,0.3741518259048462,-0.353402316570282,0.5482552647590637,0.3640784025192261,0.0347558856010437,0.6923366785049438,0.5988091826438904,-0.3982018828392029,0.5427558422088623,0.5552753210067749,0.1909500211477279,0.6184322834014893,0.7348074913024902,-0.4342705309391022,0.489234983921051,0.6318588256835938,0.1546237766742706,0.6058376431465149,0.7981785535812378,-0.4840031862258911,0.4826219379901886,0.6678638458251953,0.1542723923921585,0.5782676935195923,0.7468844652175903,-0.4659546315670013,0.4778979122638702,0.6568048000335693,0.1056912988424301,0.583844006061554,0.7292300462722778,-0.4210312068462372,0.4845905303955078,0.649207592010498,0.1313386708498001,0.5987492203712463,0.7714336514472961,-0.1157000586390495,0.5497406721115112,0.7273669838905334,0.1163200214505195,0.5434702634811401,0.9601976275444032,-0.0938752964138984,0.4743466377258301,0.9205870628356934,0.1859580874443054,0.5610674619674683,1.162184238433838,0.2429987639188766,0.4804276823997497,1.146564245223999,0.4470410048961639,0.576633095741272,1.1937947273254397,0.2731786072254181,0.4932973682880401,1.1808969974517822,0.4723681509494781,0.5308859348297119,1.2394434213638306,0.2052562236785888,0.4367097318172455,1.2362223863601685,0.4151490330696106,dataset\external_videos\incorrect\P01_incorrect_004.mp4,2618,87.422356,2.0,29.946573483670388,P01,unknown,external_video,1,0.0025265396,0,false_negative
0.4960445463657379,0.2611423432826996,-0.2499239295721054,0.5022216439247131,0.2314416021108627,-0.2726596295833587,0.5060968995094299,0.2292007803916931,-0.2727693617343902,0.5102148652076721,0.2263303846120834,-0.2729286551475525,0.4972257316112518,0.2331458628177642,-0.2259268909692764,0.4973105788230896,0.2325828820466995,-0.2259046137332916,0.497715413570404,0.2315369397401809,-0.225985512137413,0.5348714590072632,0.223940908908844,-0.2902544736862182,0.5200381875038147,0.2269273102283477,-0.1065839007496833,0.509940505027771,0.2869497239589691,-0.2596096694469452,0.5044652819633484,0.2889950573444366,-0.1962513178586959,0.6165761947631836,0.373929500579834,-0.3132737576961517,0.5473844408988953,0.3640457391738891,0.0560700371861457,0.6916663646697998,0.598282516002655,-0.39487224817276,0.5393229722976685,0.555797815322876,0.1954537183046341,0.6209122538566589,0.7385838031768799,-0.4847894608974457,0.4812876582145691,0.6296257972717285,0.1460023671388626,0.6036789417266846,0.7873843312263489,-0.5396121144294739,0.4774694740772247,0.6636320948600769,0.1457021087408065,0.5796129703521729,0.7432399988174438,-0.5371946692466736,0.4720229208469391,0.652513325214386,0.1006334871053695,0.5856115818023682,0.726934015750885,-0.4831783473491668,0.4808410108089447,0.645445704460144,0.1244560033082962,0.5974863767623901,0.7711448669433594,-0.1181609705090522,0.5475601553916931,0.7191190123558044,0.1187490448355674,0.4448719918727875,0.8378788828849792,-0.2605015337467193,0.4002376198768616,0.7752986550331116,-0.0114988200366497,0.411546915769577,1.0777907371520996,-0.0131411273032426,0.3771248757839203,1.064283847808838,0.1153029575943946,0.4254326224327087,1.1144061088562012,0.0121283968910574,0.3927612602710724,1.1118111610412598,0.1263946145772934,0.3552535474300384,1.1615170240402222,-0.0210048984736204,0.3099093735218048,1.1604421138763428,0.0673626586794853,dataset\external_videos\incorrect\P01_incorrect_004.mp4,2632,87.889855,2.0,29.946573483670388,P01,unknown,external_video,1,0.12769878,0,false_negative
0.496168702840805,0.2608737051486969,-0.2392654567956924,0.502767026424408,0.2310641258955001,-0.26116743683815,0.5067014098167419,0.2288166880607605,-0.2612802386283874,0.5108610391616821,0.2260578721761703,-0.2613662183284759,0.4976773858070373,0.2327921539545059,-0.2133850753307342,0.4977594912052154,0.2321545332670211,-0.2134001702070236,0.4981898963451385,0.2310800105333328,-0.2135171741247177,0.5355011820793152,0.2236415296792984,-0.2884603142738342,0.5201970338821411,0.227469265460968,-0.0849591940641403,0.5102301239967346,0.2867941260337829,-0.2486811280250549,0.5047191381454468,0.2889390885829925,-0.1845081895589828,0.6184470653533936,0.3743020594120025,-0.318396508693695,0.5473508834838867,0.3652143180370331,0.0671956539154052,0.6920376420021057,0.5977960228919983,-0.3920977711677551,0.5357930660247803,0.5558134317398071,0.2129137963056564,0.6178303956985474,0.7380666136741638,-0.4488582611083984,0.4701927304267883,0.627077579498291,0.1514677256345749,0.5979912877082825,0.7831522226333618,-0.4995715916156769,0.4575178027153015,0.6614900231361389,0.1461374461650848,0.5770419239997864,0.7410082817077637,-0.4960334897041321,0.4526806175708771,0.6499081254005432,0.0959649235010147,0.5853051543235779,0.7261434197425842,-0.4457507729530334,0.4624601006507873,0.6431913375854492,0.1266168802976608,0.598888099193573,0.7764495611190796,-0.1181723996996879,0.5471619963645935,0.7193950414657593,0.1187595129013061,0.4857849478721618,0.8500718474388123,-0.2299505323171615,0.4015040099620819,0.7972774505615234,-0.0576724186539649,0.4649812877178192,1.1169956922531128,0.0030845759902149,0.3911691009998321,1.0651662349700928,0.1381230801343917,0.475128710269928,1.161550998687744,0.0231614708900451,0.4082714021205902,1.1196348667144775,0.1560785174369812,0.4301609098911285,1.192291021347046,-0.0533079430460929,0.3246717154979706,1.163304328918457,0.0886456072330474,dataset\external_videos\incorrect\P01_incorrect_004.mp4,2646,88.357354,2.0,29.946573483670388,P01,unknown,external_video,1,0.008938081,0,false_negative
0.4949313700199127,0.2638130486011505,-0.2465267032384872,0.5006985068321228,0.2341834604740142,-0.2748385369777679,0.504523515701294,0.2320546060800552,-0.2749448418617248,0.5085580945014954,0.2291690111160278,-0.2750994563102722,0.4959258139133453,0.2359273135662078,-0.2236534655094146,0.4960737228393554,0.2353678047657013,-0.2236101180315017,0.4965715408325195,0.2342724651098251,-0.2236977964639663,0.5340127348899841,0.2251483798027038,-0.3306815922260284,0.5192106366157532,0.229092389345169,-0.1013142392039299,0.5092338919639587,0.2896995842456817,-0.2614151835441589,0.5039564967155457,0.291616678237915,-0.1940912902355194,0.6182401180267334,0.3752166330814361,-0.3572550415992737,0.5479029417037964,0.3642203211784363,0.0400344766676425,0.6919515132904053,0.5985203385353088,-0.3973608613014221,0.5479055047035217,0.5546795129776001,0.2036616057157516,0.615320086479187,0.7391129732131958,-0.4270133078098297,0.4937304556369781,0.6274915933609009,0.1430181115865707,0.5975111126899719,0.7792763113975525,-0.4829637706279754,0.4782024025917053,0.6626359820365906,0.1369696110486984,0.5748498439788818,0.7374571561813354,-0.4771520495414734,0.4725664258003235,0.6512547731399536,0.0890041813254356,0.5823702216148376,0.7254011631011963,-0.422265350818634,0.4802790284156799,0.644646167755127,0.1187960281968116,0.598883867263794,0.7786579132080078,-0.1181326359510421,0.5475248694419861,0.7187292575836182,0.1187136694788932,0.5013510584831238,0.9234880208969116,-0.1117287650704383,0.4296436607837677,0.8470224738121033,0.0879072695970535,0.4660699963569641,1.166736364364624,0.1297425627708435,0.438265860080719,1.104925274848938,0.3129120767116546,0.4812210202217102,1.2085716724395752,0.1500162482261657,0.4553894698619842,1.1478500366210938,0.3344060182571411,0.4355934262275696,1.234766960144043,0.0740192234516143,0.3834163844585418,1.1962865591049194,0.2832441627979278,dataset\external_videos\incorrect\P01_incorrect_004.mp4,2660,88.824853,2.0,29.946573483670388,P01,unknown,external_video,1,0.005671446,0,false_negative
0.4947297871112823,0.2622962594032287,-0.2432015091180801,0.5001689195632935,0.2329089343547821,-0.273061454296112,0.5039136409759521,0.2306721657514572,-0.2731844186782837,0.5078871250152588,0.2277874648571014,-0.2733567655086517,0.4956825077533722,0.2348257899284362,-0.2207705974578857,0.495891273021698,0.2342712134122848,-0.2207181304693222,0.4964374005794525,0.2332125306129455,-0.2208009362220764,0.5328620672225952,0.2242073565721511,-0.3383041322231293,0.5189470052719116,0.2282694727182388,-0.0985976755619049,0.509070098400116,0.2881200015544891,-0.2587116956710815,0.5039434432983398,0.2901797294616699,-0.1911671608686447,0.6177923679351807,0.375221699476242,-0.3692850172519684,0.5479408502578735,0.3640823662281036,0.0440763272345066,0.6917941570281982,0.5985012054443359,-0.4003399908542633,0.5496526956558228,0.5539114475250244,0.21259406208992,0.6137890219688416,0.737694501876831,-0.3919414579868316,0.4992419183254242,0.6276907920837402,0.173978716135025,0.5959249138832092,0.7768301367759705,-0.4433692395687103,0.482856273651123,0.6669262647628784,0.1763499230146408,0.5737382173538208,0.7349876761436462,-0.4273363053798675,0.4776884317398071,0.6562528014183044,0.1242912337183952,0.5809721350669861,0.7239501476287842,-0.3815329372882843,0.4841398894786834,0.6489570140838623,0.1494583189487457,0.5984107851982117,0.790268063545227,-0.1183006465435028,0.5473557114601135,0.734072744846344,0.1189043745398521,0.5440161824226379,0.9923798441886902,-0.0547622479498386,0.5014711022377014,0.9584060311317444,0.2580283880233764,0.5534435510635376,1.2121750116348269,0.2453884780406952,0.5119321942329407,1.1911377906799316,0.4942909479141235,0.5677343010902405,1.246802806854248,0.2710986137390136,0.5239933729171753,1.2304224967956543,0.5167009830474854,0.5238608717918396,1.2892274856567385,0.2030316293239593,0.4694695770740509,1.2729111909866333,0.4606386721134186,dataset\external_videos\incorrect\P01_incorrect_004.mp4,2674,89.292353,2.0,29.946573483670388,P01,unknown,external_video,1,0.0053040786,0,false_negative
0.4943599998950958,0.2617229223251343,-0.2352503985166549,0.4997507035732269,0.2325200140476226,-0.2664369642734527,0.503481388092041,0.2302316576242447,-0.2665857374668121,0.5073825716972351,0.2273859530687332,-0.2667111158370971,0.4953755438327789,0.2344207763671875,-0.2127003967761993,0.4956454038619995,0.2337965071201324,-0.2126706391572952,0.4962625503540039,0.2327045649290084,-0.212784543633461,0.5321230292320251,0.2243588119745254,-0.3274113237857818,0.5188173651695251,0.228166863322258,-0.095408447086811,0.5086495280265808,0.2873971462249756,-0.2553779184818268,0.503685712814331,0.2895363867282867,-0.1853084564208984,0.617932915687561,0.3782525658607483,-0.3611253798007965,0.5479661822319031,0.3648276925086975,0.0446640439331531,0.6915598511695862,0.6007137298583984,-0.4227567315101623,0.5417163968086243,0.5577194690704346,0.2159369736909866,0.6129509806632996,0.73762047290802,-0.4842173457145691,0.4600684344768524,0.6268497109413147,0.179938718676567,0.594521701335907,0.7751679420471191,-0.5407866835594177,0.4417066276073456,0.6595925688743591,0.1808450669050216,0.5727085471153259,0.7335255742073059,-0.532712996006012,0.434274673461914,0.6487554907798767,0.1279767006635666,0.5798228979110718,0.7226227521896362,-0.4798231720924377,0.4439093172550201,0.6445531249046326,0.1546250283718109,0.5995751619338989,0.7903445959091187,-0.1182989999651908,0.5474898815155029,0.7314317226409912,0.1189007312059402,0.533002495765686,0.9710601568222046,-0.0776992738246917,0.4745989143848419,0.912662148475647,0.1422750055789947,0.5372088551521301,1.1974153518676758,0.2097805589437484,0.4794858396053314,1.160967469215393,0.4759877622127533,0.5515862703323364,1.2322503328323364,0.2353135794401168,0.4937853217124939,1.2000247240066528,0.4739743173122406,0.5028778314590454,1.2778934240341189,0.1689015179872512,0.4293974041938782,1.2522189617156982,0.3977063000202179,dataset\external_videos\incorrect\P01_incorrect_004.mp4,2688,89.759852,2.0,29.946573483670388,P01,unknown,external_video,1,0.0006983834,0,false_negative
0.4945208430290222,0.2625865340232849,-0.23731629550457,0.5001113414764404,0.2332264930009842,-0.2687686681747436,0.5038628578186035,0.2309063225984573,-0.2689120471477508,0.5077972412109375,0.2280795574188232,-0.2690459191799164,0.4956979155540466,0.2349802851676941,-0.2155166566371917,0.4959681928157806,0.2342440634965896,-0.2154862433671951,0.4965856969356537,0.2330551296472549,-0.2155913859605789,0.5325254797935486,0.224556103348732,-0.3338540196418762,0.5189655423164368,0.2285355478525161,-0.098773755133152,0.5088081955909729,0.2878911197185516,-0.2568870186805725,0.5038312673568726,0.2900341153144836,-0.1874549239873886,0.6181349158287048,0.3775782585144043,-0.3706168830394745,0.5482426285743713,0.3646130263805389,0.0449594222009182,0.6945561170578003,0.6023545265197754,-0.4165219068527221,0.5416604280471802,0.5580336451530457,0.2332316786050796,0.6121729016304016,0.7396209239959717,-0.4521980285644531,0.4638389050960541,0.6259287595748901,0.2223726361989975,0.5937225818634033,0.7749552130699158,-0.5049639940261841,0.4452147781848907,0.6574915051460266,0.2270800173282623,0.5720795392990112,0.7332395911216736,-0.4962945580482483,0.4384962618350982,0.6457691788673401,0.1741814315319061,0.5792303085327148,0.7235457897186279,-0.4465349018573761,0.4475658237934112,0.6417778134346008,0.1978750824928283,0.5996221303939819,0.7922270894050598,-0.1183295771479606,0.5475329756736755,0.7324572801589966,0.1189364939928054,0.5339688658714294,0.9836005568504332,-0.0922761335968971,0.4681292772293091,0.9253465533256532,0.1812779903411865,0.5409495830535889,1.2000852823257446,0.2167745381593704,0.4752312302589416,1.168210744857788,0.4354211390018463,0.5556761622428894,1.2325239181518557,0.2448591589927673,0.4892489314079284,1.2051182985305786,0.4576076865196228,0.5061658024787903,1.2815359830856323,0.1824782639741897,0.4281347095966339,1.260384440422058,0.4033946692943573,dataset\external_videos\incorrect\P01_incorrect_004.mp4,2702,90.227351,2.0,29.946573483670388,P01,unknown,external_video,1,0.0012274068,0,false_negative
0.494366317987442,0.2639663517475128,-0.2358172386884689,0.4997196495532989,0.2346265614032745,-0.2660063803195953,0.5034650564193726,0.2322765439748764,-0.2661332786083221,0.5074073672294617,0.229437455534935,-0.2662652134895324,0.4953794181346893,0.2364919632673263,-0.213887557387352,0.4956479072570801,0.2358414977788925,-0.2138708531856537,0.4962795376777649,0.2347369492053985,-0.2139874100685119,0.5321316719055176,0.2256031781435012,-0.3302992582321167,0.5190269351005554,0.229734405875206,-0.098423808813095,0.5086771249771118,0.2890235483646393,-0.2549030780792236,0.5036634206771851,0.291226714849472,-0.1864412426948547,0.6182175874710083,0.3774628341197967,-0.360603004693985,0.5485262274742126,0.364513486623764,0.0402941741049289,0.6942599415779114,0.6019943952560425,-0.4151756167411804,0.5422168970108032,0.5578690767288208,0.1818940341472625,0.6134598851203918,0.7406243681907654,-0.4622035324573517,0.4732283055782318,0.6253655552864075,0.130867063999176,0.5975075960159302,0.7932350039482117,-0.5174088478088379,0.4589557945728302,0.6625712513923645,0.1261110603809356,0.5719969272613525,0.7388349771499634,-0.5085601210594177,0.4535132944583893,0.6514314413070679,0.0749148875474929,0.5787965655326843,0.7251405715942383,-0.4574914276599884,0.4610238671302795,0.6462835669517517,0.1064342260360717,0.6009356379508972,0.7908284664154053,-0.1182729229331016,0.547560453414917,0.7281743884086609,0.1188793554902076,0.525831937789917,0.9563382863998412,-0.1669640392065048,0.4344587624073028,0.8794615864753723,0.015659000724554,0.516428530216217,1.1898044347763062,0.0512704849243164,0.4452156126499176,1.163786768913269,0.2168981730937957,0.528462827205658,1.2276157140731812,0.070082239806652,0.4634919464588165,1.196817398071289,0.2355735003948211,0.4811185002326965,1.269363522529602,-0.0026026309933513,0.3914512693881988,1.248427152633667,0.1721294075250625,dataset\external_videos\incorrect\P01_incorrect_004.mp4,2716,90.69485,2.0,29.946573483670388,P01,unknown,external_video,1,0.0035016777,0,false_negative
0.4946900010108948,0.2643062770366668,-0.2296095639467239,0.4999406635761261,0.2347428351640701,-0.2563704252243042,0.5036131143569946,0.2324029356241226,-0.2564678490161896,0.5075256824493408,0.2295898497104644,-0.2566010951995849,0.4955445528030395,0.2366384416818618,-0.2067192941904068,0.4957786202430725,0.2359944134950637,-0.2066836357116699,0.4963480532169342,0.2349172979593277,-0.2067904472351074,0.5324050784111023,0.2258876860141754,-0.3059076368808746,0.5193990468978882,0.2302427440881729,-0.0843484625220298,0.5089264512062073,0.2892526686191559,-0.2436133921146392,0.5037387013435364,0.2915810644626617,-0.1783773154020309,0.6202619075775146,0.3771752119064331,-0.3363491296768188,0.5485475659370422,0.3642587959766388,0.0484483055770397,0.6953722834587097,0.6014724373817444,-0.3960002064704895,0.5420626997947693,0.5581111907958984,0.1853623986244201,0.6129252314567566,0.7401390075683594,-0.4518254995346069,0.479655921459198,0.6266591548919678,0.1366607695817947,0.5969419479370117,0.7877424955368042,-0.509040892124176,0.4629538953304291,0.6674264669418335,0.1317022293806076,0.5718234181404114,0.7385944724082947,-0.5016362071037292,0.458667129278183,0.6548817157745361,0.0816152244806289,0.5785192251205444,0.7236267328262329,-0.4473792016506195,0.4664776921272278,0.6485049724578857,0.1122898980975151,0.604833722114563,0.7893727421760559,-0.1172271892428398,0.5477214455604553,0.7284746170043945,0.117838554084301,0.5250973105430603,0.9519281387329102,-0.1852641105651855,0.4348768293857574,0.8785457611083984,-0.0014274863060563,0.5204181671142578,1.1853680610656738,0.0610701106488704,0.4400365948677063,1.1552250385284424,0.2041275352239608,0.5339633822441101,1.2237143516540527,0.083208791911602,0.4577299654483795,1.1936204433441162,0.2232751548290252,0.4847772419452667,1.2651971578598022,0.0097306026145815,0.3834048807621002,1.246029019355774,0.1521921306848526,dataset\external_videos\incorrect\P01_incorrect_004.mp4,2730,91.16235,2.0,29.946573483670388,P01,unknown,external_video,1,0.005102471,0,false_negative
0.4945016801357269,0.2654710710048675,-0.2221567332744598,0.4995684921741485,0.2355135828256607,-0.2492261826992035,0.5032435655593872,0.2331202179193496,-0.249326691031456,0.5071627497673035,0.2302427440881729,-0.249441459774971,0.495220273733139,0.2376298457384109,-0.1992260664701461,0.495443195104599,0.2370850145816803,-0.199206531047821,0.4960222542285919,0.2360942065715789,-0.199319526553154,0.5320805311203003,0.2261904627084732,-0.3046956062316894,0.519446074962616,0.2307669818401336,-0.0802123099565506,0.5087046027183533,0.2904290556907654,-0.2383963465690612,0.5035313367843628,0.293061763048172,-0.1725872308015823,0.6206620931625366,0.3769671022891998,-0.3378321826457977,0.5488302111625671,0.3642410933971405,0.0521842055022716,0.6961576342582703,0.6012470722198486,-0.396247923374176,0.5420440435409546,0.5616843104362488,0.1913419663906097,0.6134094595909119,0.739655613899231,-0.4454995095729828,0.4761735796928406,0.6262381076812744,0.1391852647066116,0.5963665843009949,0.78592449426651,-0.4996193051338196,0.4572572410106659,0.6663790941238403,0.1349819749593734,0.5721161961555481,0.7383924126625061,-0.4913767874240875,0.4514174461364746,0.6546221971511841,0.0849438831210136,0.5787007212638855,0.7226879596710205,-0.4402936995029449,0.4599487483501434,0.6480667591094971,0.115175150334835,0.6054961085319519,0.7890773415565491,-0.1179331168532371,0.5481681227684021,0.7287331819534302,0.1185500249266624,0.5221526026725769,0.942161500453949,-0.1726389080286026,0.4276133477687835,0.8760029673576355,0.0291980020701885,0.4967455565929413,1.1820363998413086,0.0715259462594986,0.4201326966285705,1.1530404090881348,0.230356827378273,0.5071613192558289,1.2211828231811523,0.0925548300147056,0.4361376762390136,1.189300537109375,0.2485096305608749,0.4524229764938354,1.2632272243499756,0.0186927448958158,0.3592319190502167,1.2399266958236694,0.1823270171880722,dataset\external_videos\incorrect\P01_incorrect_004.mp4,2744,91.629849,2.0,29.946573483670388,P01,unknown,external_video,1,0.0042277593,0,false_negative
0.4939649999141693,0.2676975727081299,-0.2226753532886505,0.4990377426147461,0.2374860942363739,-0.2499542981386184,0.5026903748512268,0.2351859509944915,-0.2500598728656769,0.5066031813621521,0.2322470992803573,-0.250189334154129,0.4947139024734497,0.2395547032356262,-0.1996600031852722,0.4949573576450348,0.2390342205762863,-0.199614942073822,0.4955589175224304,0.2379941046237945,-0.1997240930795669,0.5314847230911255,0.2273283004760742,-0.3039190471172333,0.5190892815589905,0.2320602983236313,-0.0804478749632835,0.5080158710479736,0.2926289141178131,-0.2387800812721252,0.5029429793357849,0.2949413955211639,-0.17273510992527,0.6201589703559875,0.3767963349819183,-0.3377625644207001,0.5488430857658386,0.3643213212490082,0.0538116060197353,0.6952959299087524,0.6011046171188354,-0.3982804417610168,0.541706919670105,0.5614159107208252,0.1926162391901016,0.614535391330719,0.742096483707428,-0.4522473514080047,0.4716732203960418,0.6182209849357605,0.1382320970296859,0.6040742993354797,0.7975590825080872,-0.5042492151260376,0.4535322189331054,0.6616068482398987,0.1344503760337829,0.5733488202095032,0.741582989692688,-0.5006223320960999,0.446576714515686,0.6517598032951355,0.0837270990014076,0.5793442130088806,0.7250853776931763,-0.449417769908905,0.4546633064746856,0.646285355091095,0.113547496497631,0.6050164103507996,0.7887537479400635,-0.118986964225769,0.5480776429176331,0.7241693735122681,0.1196075677871704,0.5062530040740967,0.9046869277954102,-0.2083473801612854,0.4043061435222626,0.8350591063499451,-0.0212681032717227,0.4709716439247131,1.1523181200027466,0.0205119382590055,0.3876128494739532,1.115174412727356,0.1600858122110366,0.4798341393470764,1.1961114406585691,0.0399293676018714,0.4040519595146179,1.1608394384384155,0.1757743656635284,0.4257658123970032,1.2259641885757446,-0.0345702767372131,0.3191525042057037,1.2015888690948486,0.1061323881149292,dataset\external_videos\incorrect\P01_incorrect_004.mp4,2758,92.097348,2.0,29.946573483670388,P01,unknown,external_video,1,0.018909965,0,false_negative
0.5042327642440796,0.2674673795700073,-0.411932110786438,0.5101185441017151,0.2374104857444763,-0.4070073068141937,0.5155385136604309,0.2344650775194168,-0.4071326851844787,0.5209100246429443,0.2309314310550689,-0.4072646200656891,0.4997439384460449,0.2394993752241134,-0.3722728192806244,0.4979543387889862,0.239632248878479,-0.3721706569194793,0.4967799186706543,0.2397154122591018,-0.3722343742847442,0.5413187742233276,0.2255968302488327,-0.3193218111991882,0.5151114463806152,0.2368015348911285,-0.1589779257774353,0.5214961767196655,0.2908818423748016,-0.3754630386829376,0.5087034702301025,0.2945164740085602,-0.3290618062019348,0.6244767904281616,0.3771743476390838,-0.3250830769538879,0.544110119342804,0.369811862707138,0.0604239553213119,0.6951829195022583,0.6009445190429688,-0.3892289996147156,0.5324265360832214,0.5609931945800781,0.2197057157754898,0.6144751310348511,0.7399258017539978,-0.4991486668586731,0.4594663679599762,0.6122797727584839,0.1058257818222045,0.601660430431366,0.7856286764144897,-0.5606218576431274,0.4420284330844879,0.6593067646026611,0.0960658565163612,0.5731586813926697,0.7391343712806702,-0.5583394169807434,0.4351122975349426,0.6447521448135376,0.0399958230555057,0.5793157815933228,0.7231841683387756,-0.4969340562820434,0.4470658302307129,0.6387894153594971,0.0785036981105804,0.6105354428291321,0.7871742844581604,-0.11688232421875,0.553974986076355,0.7284855842590332,0.11762086302042,0.5265310406684875,0.917449951171875,-0.2330143302679062,0.4094908535480499,0.8415865302085876,-0.0946926325559616,0.5173192024230957,1.1524595022201538,0.028402617201209,0.4049260020256042,1.1156823635101318,0.125562235713005,0.5330343842506409,1.1961348056793213,0.0499270409345626,0.4210121035575866,1.1616554260253906,0.1447917371988296,0.4723370969295501,1.238012433052063,-0.0446322001516819,0.3434016108512878,1.2101129293441772,0.0490053184330463,dataset\external_videos\incorrect\P01_incorrect_004.mp4,2772,92.564847,2.0,29.946573483670388,P01,unknown,external_video,1,0.008654387,0,false_negative
0.5076624155044556,0.2671990096569061,-0.4114033281803131,0.5147354006767273,0.2369298189878463,-0.4067564010620117,0.5206650495529175,0.2335704416036605,-0.4068792760372162,0.5266047716140747,0.2296862155199051,-0.4070680439472198,0.502198338508606,0.2393019497394561,-0.37515789270401,0.499561995267868,0.2396754771471023,-0.3750699162483215,0.4974913299083709,0.2401921302080154,-0.3751261532306671,0.5452392101287842,0.2253571897745132,-0.320659190416336,0.5131453275680542,0.2393303215503692,-0.1761103719472885,0.525711178779602,0.2902262508869171,-0.376309871673584,0.5106979012489319,0.2942984402179718,-0.3340310454368591,0.6243516802787781,0.3758366405963897,-0.3178988099098205,0.5414050817489624,0.3750304877758026,0.0328435227274894,0.6943886876106262,0.6006724834442139,-0.3903731405735016,0.5287899374961853,0.5598098039627075,0.1515886485576629,0.6142817735671997,0.7355546355247498,-0.5230038166046143,0.4512885808944702,0.5991278290748596,-0.010160407051444,0.5982174277305603,0.7787716388702393,-0.5822925567626953,0.4412836730480194,0.6370595693588257,-0.0278997216373682,0.5704873204231262,0.7359595894813538,-0.5822312831878662,0.4339781999588012,0.6173228621482849,-0.0775103494524955,0.5792320966720581,0.7230292558670044,-0.5224956274032593,0.4464397430419922,0.6131248474121094,-0.0361476801335811,0.6104971170425415,0.7812424898147583,-0.1070374548435211,0.5539172887802124,0.726070761680603,0.10773965716362,0.5263103246688843,0.9097087979316713,-0.234285682439804,0.4135128259658813,0.8343320488929749,-0.1001413390040397,0.5161976218223572,1.1398288011550903,0.0067323087714612,0.4143605828285217,1.1016151905059814,0.1157103925943374,0.5308929085731506,1.1772048473358154,0.0270734652876853,0.4320885241031647,1.1426602602005005,0.1350021362304687,0.4722992777824402,1.2245298624038696,-0.0567032508552074,0.3617783784866333,1.201530694961548,0.0532742850482463,dataset\external_videos\incorrect\P01_incorrect_004.mp4,2786,93.032346,2.0,29.946573483670388,P01,unknown,external_video,1,0.015451608,0,false_negative
0.4764900207519531,0.3604479432106018,-0.1035788878798484,0.4726103246212005,0.3338814973831177,-0.0859496295452117,0.471268355846405,0.3334289789199829,-0.08604696393013,0.4696656465530395,0.3328404724597931,-0.0861621275544166,0.4703758060932159,0.3330322802066803,-0.1236671581864357,0.4676660001277923,0.3318734765052795,-0.1236740201711654,0.4646698832511902,0.3304081261157989,-0.1236432343721389,0.4495749473571777,0.3388083279132843,-0.0135533353313803,0.4451828002929687,0.3365766406059265,-0.1890515238046646,0.4663134813308716,0.3807005584239959,-0.0756745859980583,0.4637938141822815,0.3798988461494446,-0.1247812211513519,0.4133561551570892,0.4327744245529175,0.0875767841935157,0.3938134908676147,0.4632297158241272,-0.2697247862815857,0.4137716889381408,0.6038692593574524,0.0669427216053009,0.4007218778133392,0.6716088056564331,-0.2656418681144714,0.4543914496898651,0.7117860913276672,-0.0614497736096382,0.4555910229682922,0.7388200163841248,-0.1443935483694076,0.4647195637226105,0.7370983362197876,-0.0714084580540657,0.4774857759475708,0.764279842376709,-0.1688243448734283,0.4711013436317444,0.736987829208374,-0.0963344797492027,0.4811416566371918,0.7458154559135437,-0.1650239527225494,0.4629020392894745,0.735440194606781,-0.0780852809548378,0.4755915105342865,0.7390572428703308,-0.1420432031154632,0.3984777331352234,0.7244575619697571,0.1060450971126556,0.3820426762104034,0.7723785638809204,-0.1058587655425071,0.5196572542190552,0.7712733149528503,0.2388232201337814,0.5345706343650818,0.8658790588378906,-0.1318433582782745,0.4048240482807159,0.8368533849716187,0.2847785949707031,0.4063795506954193,0.8731825351715088,0.0571789219975471,0.3898108899593353,0.8234970569610596,0.2798898816108703,0.3886340260505676,0.850202739238739,0.0780103206634521,0.359871357679367,0.8528122901916504,0.3300617039203644,0.3535896837711334,0.8565265536308289,0.1669821143150329,dataset\external_videos\incorrect\P01_incorrect_005.mp4,84,2.803584,2.0,29.96164451736091,P01,unknown,external_video,1,0.060619287,0,false_negative
0.4671714901924133,0.3253850042819977,-0.1100542247295379,0.463067352771759,0.2971047461032867,-0.0953468903899192,0.4619333148002624,0.2964408099651336,-0.0954353734850883,0.4603791832923889,0.295682281255722,-0.0955232754349708,0.459899753332138,0.2963788211345672,-0.1314071267843246,0.4564808905124664,0.2952077984809875,-0.1314222961664199,0.4525940716266632,0.2939925193786621,-0.1314136385917663,0.4403080344200134,0.3011903762817383,-0.0246270671486854,0.4330759644508362,0.3016570806503296,-0.1890313923358917,0.4590263664722442,0.3488354682922363,-0.0818582624197006,0.455410361289978,0.3484806418418884,-0.1290246397256851,0.4131741523742676,0.416522204875946,0.0870644077658653,0.3964023292064667,0.4457856118679046,-0.2801234126091003,0.4161905944347381,0.5939518809318542,0.0768893435597419,0.4037566184997558,0.6543222665786743,-0.2987398505210876,0.4544343650341034,0.7032157778739929,-0.0524854697287082,0.4609769284725189,0.7370443344116211,-0.2115411758422851,0.4711547195911407,0.737838089466095,-0.0628609284758567,0.4808667004108429,0.763855516910553,-0.2450683265924453,0.4755271375179291,0.7410738468170166,-0.0936525389552116,0.4884414672851562,0.7473180890083313,-0.236235111951828,0.4678616821765899,0.7357771992683411,-0.0709384679794311,0.4816242754459381,0.7395333051681519,-0.2074481397867202,0.4051321446895599,0.7250357270240784,0.1152573078870773,0.3924136161804199,0.7705435156822205,-0.1150361075997352,0.5196352601051331,0.780299723148346,0.2400851994752884,0.5422035455703735,0.8838886618614197,-0.1549278348684311,0.4117356538772583,0.8841707706451416,0.296598732471466,0.4128369092941284,0.9087092280387878,0.0225786287337541,0.3970315754413605,0.8800265192985535,0.2918215990066528,0.3890828490257263,0.8445506691932678,0.0429617874324321,0.3878470361232757,0.9280345439910888,0.3353699445724487,0.3636247813701629,0.8820815086364746,0.1201182156801223,dataset\external_videos\incorrect\P01_incorrect_005.mp4,98,3.270848,2.0,29.96164451736091,P01,unknown,external_video,1,0.0004147796,0,false_negative
0.467691570520401,0.3170236051082611,-0.1266264617443084,0.4631177484989166,0.2899083197116852,-0.112157717347145,0.4621066451072693,0.2891229391098022,-0.1122464910149574,0.4607925117015838,0.2882659435272217,-0.1123484373092651,0.4600982666015625,0.2897288799285888,-0.1460433453321457,0.4570607244968414,0.2888304591178894,-0.1460593044757843,0.4535340070724487,0.2878741025924682,-0.1460611820220947,0.4412870407104492,0.2943853735923767,-0.0405409261584281,0.43402099609375,0.2953799068927765,-0.2033597379922866,0.4604174196720123,0.3404544591903686,-0.0982922688126564,0.4567641615867615,0.3410757184028625,-0.1414613127708435,0.4158631563186645,0.4098689556121826,0.0648327767848968,0.3934089243412018,0.4417693316936493,-0.2893824577331543,0.422043889760971,0.5905678868293762,0.056014534085989,0.4010013341903686,0.6517448425292969,-0.3013548254966736,0.4588592648506164,0.6989765763282776,-0.0731977298855781,0.4634810090065002,0.7347462773323059,-0.21481654047966,0.4766311645507812,0.7394310235977173,-0.0864353328943252,0.4798790514469147,0.7645017504692078,-0.2472759038209915,0.4790307581424713,0.7409878373146057,-0.115261010825634,0.4875195324420929,0.747373104095459,-0.2413512021303177,0.4726825356483459,0.7349689602851868,-0.0907559171319007,0.4811275899410248,0.7379573583602905,-0.2118622958660125,0.4107047617435455,0.7200021743774414,0.110978864133358,0.3925650417804718,0.765187680721283,-0.1107511296868324,0.5278019309043884,0.7684347629547119,0.2335298061370849,0.5397169589996338,0.8796635866165161,-0.1431500911712646,0.417501837015152,0.8768599629402161,0.2907988727092743,0.412131130695343,0.9015195965766908,0.0378134734928607,0.4016912877559662,0.8726796507835388,0.2868158221244812,0.3827539980411529,0.8294844031333923,0.0581848956644535,0.3970574736595154,0.9236618280410768,0.3303439319133758,0.3583202958106994,0.8692662715911865,0.1287877857685089,dataset\external_videos\incorrect\P01_incorrect_005.mp4,112,3.738113,2.0,29.96164451736091,P01,unknown,external_video,1,0.00046797402,0,false_negative
0.4702529311180115,0.3299844264984131,-0.1349089741706848,0.4663652181625366,0.3037489354610443,-0.1200793236494064,0.4655409753322601,0.3030892014503479,-0.1201734989881515,0.464415043592453,0.3021723926067352,-0.120291881263256,0.4633564949035644,0.3030115962028503,-0.1518674343824386,0.4605229794979095,0.3020038604736328,-0.1518790870904922,0.4572605192661285,0.3009310960769653,-0.1518985629081726,0.4460624754428863,0.3076568841934204,-0.0476867072284221,0.4382949769496918,0.3093962967395782,-0.2104010134935379,0.4634733498096466,0.3522537052631378,-0.1069069132208824,0.4598701596260071,0.3526573479175567,-0.142131894826889,0.4170712232589721,0.4154000878334045,0.0549678653478622,0.3957102596759796,0.4444047212600708,-0.292285293340683,0.4130297005176544,0.5933676958084106,0.0396190024912357,0.3940280377864837,0.6674681901931763,-0.2844913899898529,0.4512163698673248,0.7029508352279663,-0.0875124260783195,0.4497911632061004,0.7365489602088928,-0.1786603778600692,0.4728726148605346,0.743133008480072,-0.1009263843297958,0.4679712951183319,0.7607786655426025,-0.2054909914731979,0.4765375554561615,0.7452858090400696,-0.1277520507574081,0.4717408120632171,0.7447655200958252,-0.2037804424762725,0.4686376750469208,0.7381060123443604,-0.1044192165136337,0.4650505781173706,0.7384800314903259,-0.1772959977388382,0.4025808870792389,0.7211574912071228,0.1071796044707298,0.3834313452243805,0.7649282217025757,-0.1069290861487388,0.5286680459976196,0.7612992525100708,0.2219711393117904,0.5344154834747314,0.8772069215774536,-0.139610081911087,0.4091756939888,0.844093382358551,0.2757503092288971,0.4132176339626312,0.8857282400131226,0.0570198036730289,0.3932574391365051,0.8344127535820007,0.2796039283275604,0.3812812566757202,0.8285505175590515,0.0792173072695732,0.3758818209171295,0.8602228760719299,0.3144564032554626,0.3636360466480255,0.8567409515380859,0.153586283326149,dataset\external_videos\incorrect\P01_incorrect_005.mp4,126,4.205377,2.0,29.96164451736091,P01,unknown,external_video,1,0.010160931,0,false_negative
0.4733690023422241,0.3785465061664581,-0.1274442970752716,0.4704671502113342,0.3527051210403442,-0.110212430357933,0.4680934250354767,0.3511479198932647,-0.1103193685412406,0.4662651121616363,0.3493538200855255,-0.1104567572474479,0.4696851074695587,0.3518573939800262,-0.1473696082830429,0.4675191044807434,0.3499441146850586,-0.1473865360021591,0.4648005366325378,0.3478822410106659,-0.1474061161279678,0.4512104988098144,0.3478592336177826,-0.0393523424863815,0.4424553215503692,0.3475675582885742,-0.2079029381275177,0.4661413133144378,0.3974188268184662,-0.0993311554193496,0.46176877617836,0.3969283103942871,-0.1450691968202591,0.4159500896930694,0.4388622343540191,0.0623876899480819,0.4000189006328583,0.4587422907352447,-0.2889533638954162,0.4117023646831512,0.6203460097312927,0.0500858686864376,0.3973888158798218,0.686003565788269,-0.2805070281028747,0.4568036198616028,0.7318772673606873,-0.0679116323590278,0.4537382423877716,0.737680971622467,-0.1660625338554382,0.470046192407608,0.7474544048309326,-0.0842466726899147,0.4725277125835418,0.7590726613998413,-0.1933206021785736,0.474195659160614,0.7471954226493835,-0.1072071567177772,0.4762994050979614,0.7425553798675537,-0.1886117309331894,0.4672315716743469,0.7395321726799011,-0.0811327621340751,0.4695965647697449,0.7363935708999634,-0.1633454859256744,0.3930432498455047,0.7226964235305786,0.10793337225914,0.3755795657634735,0.7684804201126099,-0.1077335551381111,0.521234929561615,0.7448853254318237,0.2304122895002365,0.5377806425094604,0.8461903929710388,-0.1291760802268982,0.4180448353290558,0.8561622500419617,0.2918542325496673,0.4260858595371246,0.8961979150772095,0.1153249889612197,0.402310162782669,0.843900740146637,0.2911659479141235,0.4006144404411316,0.8407878279685974,0.1443420797586441,0.3867201507091522,0.8558074235916138,0.3401891887187958,0.3793176710605621,0.8629888892173767,0.2364463657140731,dataset\external_videos\incorrect\P01_incorrect_005.mp4,154,5.139905,2.0,29.96164451736091,P01,unknown,external_video,1,0.2476066,0,false_negative
0.4736881256103515,0.3839555382728576,-0.1309092938899994,0.4713125228881836,0.3590115308761596,-0.1143286526203155,0.4686635136604309,0.357356458902359,-0.1144215762615203,0.4664288461208343,0.3553920090198517,-0.1145472377538681,0.4708334803581238,0.3579336106777191,-0.1498811095952987,0.468851774930954,0.3558467030525207,-0.1498963087797165,0.4664023518562317,0.3535394072532654,-0.1499157547950744,0.4522561728954315,0.351590484380722,-0.0441570915281772,0.4436005651950836,0.3514727652072906,-0.2099689990282058,0.4668003022670746,0.4020625054836273,-0.1033079698681831,0.4626086950302124,0.4011902809143066,-0.1460816711187362,0.4163658022880554,0.4421786069869995,0.0559922270476818,0.4000322520732879,0.4596520662307739,-0.2931051552295685,0.409648984670639,0.6191466450691223,0.0401141718029975,0.3956674933433532,0.6824220418930054,-0.281307965517044,0.456751137971878,0.7313551306724548,-0.0720863863825798,0.4530195593833923,0.7362008094787598,-0.1634676307439804,0.4683264195919037,0.745419442653656,-0.0910556018352508,0.4710421860218048,0.7581360936164856,-0.1902666091918945,0.4707728326320648,0.7463376522064209,-0.1109767407178878,0.4760510623455047,0.741759181022644,-0.1862606853246688,0.4686837494373321,0.7412681579589844,-0.0930351093411445,0.4690176248550415,0.7354345321655273,-0.1609098613262176,0.3915984034538269,0.7217961549758911,0.1055417582392692,0.3720724880695343,0.7681614756584167,-0.1053167283535003,0.5234017968177795,0.7514635324478149,0.2235324382781982,0.5342892408370972,0.8452708721160889,-0.1294243484735489,0.4023893177509308,0.8280608057975769,0.2833612263202667,0.4018202126026153,0.8730288743972778,0.064312033355236,0.386266827583313,0.8138909935951233,0.2904524207115173,0.3780345320701599,0.8197934031486511,0.0863012447953224,0.3581162095069885,0.843119740486145,0.3234478831291199,0.352193146944046,0.8471421003341675,0.1715846508741378,dataset\external_videos\incorrect\P01_incorrect_005.mp4,168,5.607169,2.0,29.96164451736091,P01,unknown,external_video,1,0.40060636,0,false_negative
0.4781171083450317,0.3865902423858642,-0.1008568555116653,0.4763083159923553,0.3596052527427673,-0.082858070731163,0.4748421907424927,0.3580640256404876,-0.0829659849405288,0.4730598628520965,0.3561409413814544,-0.0830958038568496,0.4743967056274414,0.3590758442878723,-0.1197313740849495,0.4720591008663177,0.3574814796447754,-0.119751863181591,0.4692404866218567,0.3556043803691864,-0.1197563111782074,0.4536170959472656,0.3528152704238891,-0.0130038233473896,0.4482742547988891,0.3541175127029419,-0.1763258725404739,0.4681404232978821,0.4036503732204437,-0.0733235627412796,0.4652628004550934,0.4029781222343445,-0.1207475513219833,0.4153757393360138,0.4491035640239715,0.0837452933192253,0.398047387599945,0.4681651592254638,-0.2556895017623901,0.4109852612018585,0.6175979375839233,0.073074035346508,0.3871631324291229,0.6632409691810608,-0.2424395680427551,0.4488278925418854,0.7034710645675659,-0.0541775785386562,0.4545305967330932,0.7276973128318787,-0.1289703249931335,0.4621243476867676,0.7319504618644714,-0.0716889351606369,0.4705862998962402,0.7511774897575378,-0.1557406783103943,0.4642189443111419,0.7290992736816406,-0.094867318868637,0.4768695831298828,0.7337998151779175,-0.1499487459659576,0.4637199640274048,0.7309998869895935,-0.0696951299905777,0.4707091748714447,0.7267204523086548,-0.1252714842557907,0.3904450237751007,0.7209845781326294,0.1033085435628891,0.3733351528644562,0.7634208798408508,-0.1031176969408989,0.503044843673706,0.7443850636482239,0.2191517353057861,0.520520031452179,0.8384175896644592,-0.1162367686629295,0.4231392443180084,0.8631849884986877,0.3089968562126159,0.4227715730667114,0.8921415209770203,0.1235764995217323,0.3990951478481293,0.8381832838058472,0.3140336275100708,0.3902271389961242,0.8385071158409119,0.1520869433879852,0.4153259992599487,0.8953723907470703,0.3461311161518097,0.416651576757431,0.8956872224807739,0.241445317864418,dataset\external_videos\incorrect\P01_incorrect_005.mp4,308,10.27981,2.0,29.96164451736091,P01,unknown,external_video,1,0.40249258,0,false_negative
0.4789654314517975,0.3862614631652832,-0.1051818504929542,0.4771163761615753,0.3592952787876129,-0.0873803943395614,0.4757603704929352,0.3577291071414947,-0.0874797999858856,0.4740701615810394,0.3557910919189453,-0.0876015499234199,0.4752609431743622,0.358748584985733,-0.1232718899846077,0.4730323553085327,0.3571360409259796,-0.123298056423664,0.4703898131847381,0.3552626371383667,-0.1232852861285209,0.4547285437583923,0.3526443243026733,-0.017129635438323,0.4495921730995178,0.3539196252822876,-0.1745520085096359,0.4688895344734192,0.4033781588077545,-0.0776481330394744,0.466150164604187,0.4027371108531952,-0.1241351515054702,0.4157902598381042,0.4491579830646515,0.079851247370243,0.3985207676887512,0.4680415987968445,-0.2558953166007995,0.4112952649593353,0.6152257323265076,0.0654981881380081,0.3857815563678741,0.6598907113075256,-0.238471046090126,0.4493052661418915,0.7023950219154358,-0.0810634791851043,0.4516541659832001,0.7273504734039307,-0.1124457493424415,0.4622287452220917,0.7296584248542786,-0.0974416434764862,0.4689244627952575,0.750460147857666,-0.1372282803058624,0.4645353853702545,0.7285571098327637,-0.1216862350702285,0.4749965369701385,0.7332295179367065,-0.1318864524364471,0.4639375805854797,0.728999137878418,-0.0977518856525421,0.4676381647586822,0.7261471152305603,-0.108641467988491,0.3906051516532898,0.7210217714309692,0.1023431047797203,0.3736072182655334,0.7632778286933899,-0.1021170690655708,0.5110908150672913,0.7445948719978333,0.2277763932943344,0.520588755607605,0.8386834263801575,-0.1180633306503295,0.4037662446498871,0.8271237015724182,0.2868667542934418,0.405735433101654,0.8688260912895203,0.0792397260665893,0.3877376019954681,0.8140873312950134,0.2830083668231964,0.3861506581306457,0.8214085698127747,0.1019034683704376,0.3769863843917846,0.8563678860664368,0.3315058052539825,0.3692916631698608,0.8518441319465637,0.187111809849739,dataset\external_videos\incorrect\P01_incorrect_005.mp4,322,10.747074,2.0,29.96164451736091,P01,unknown,external_video,1,0.44163933,0,false_negative
0.4786436259746551,0.3860111832618713,-0.0941462516784668,0.4765836298465729,0.359052300453186,-0.077456995844841,0.4752592146396637,0.3574730157852173,-0.0775425434112548,0.4736133217811584,0.3555320501327514,-0.0776502415537834,0.4748475253582001,0.3584833443164825,-0.1116307452321052,0.472651332616806,0.3568900823593139,-0.1116351634263992,0.4700223505496979,0.3550913631916046,-0.1116108447313308,0.4545100331306457,0.3526581227779388,-0.0111759612336754,0.4495692253112793,0.354086309671402,-0.1634099781513214,0.4687686264514923,0.4031753540039062,-0.0682390481233596,0.4661110937595367,0.402563989162445,-0.1125349104404449,0.4151915609836578,0.4475095570087433,0.0834039971232414,0.4001010656356811,0.4640664160251617,-0.2429575473070144,0.4062460064888,0.6088248491287231,0.068476878106594,0.3861545026302337,0.6493582725524902,-0.2347190380096435,0.4469644725322723,0.6968474388122559,-0.0738361179828643,0.4518243968486786,0.7237271666526794,-0.1217846795916557,0.4624528884887695,0.7306553721427917,-0.0865974724292755,0.4688833355903625,0.7472913265228271,-0.1478440463542938,0.4655714631080627,0.7288346886634827,-0.1115860864520073,0.4750289022922516,0.7315286993980408,-0.1413346230983734,0.4628235101699829,0.7278847098350525,-0.0903434678912162,0.4678151905536651,0.7241129875183105,-0.1178325712680816,0.3896268904209137,0.720019519329071,0.1023244857788086,0.3737320005893707,0.7609793543815613,-0.102101594209671,0.5022135376930237,0.7512413263320923,0.238965094089508,0.5205824971199036,0.8387455344200134,-0.1175116300582885,0.3982367813587188,0.8277726173400879,0.299467384815216,0.4065659344196319,0.8665223717689514,0.0864309519529342,0.3804394006729126,0.804828941822052,0.2954649925231933,0.3819045424461365,0.8215872049331665,0.1103609800338745,0.3752444982528686,0.8556498289108276,0.350678026676178,0.3804763555526733,0.8597427010536194,0.1975049823522567,dataset\external_videos\incorrect\P01_incorrect_005.mp4,336,11.214338,2.0,29.96164451736091,P01,unknown,external_video,1,0.327742,0,false_negative
0.468904584646225,0.3855292201042175,-0.1406277865171432,0.4652966260910034,0.3614898920059204,-0.1256376653909683,0.4644489884376526,0.3606350421905517,-0.125773400068283,0.4632740318775177,0.3597026765346527,-0.1259480863809585,0.4626213610172272,0.3620972037315368,-0.1622681021690368,0.4596831500530243,0.3616267740726471,-0.162288635969162,0.4561896920204162,0.3610371649265289,-0.1622976958751678,0.4451063275337219,0.3615692853927612,-0.0539041981101036,0.436367779970169,0.3639765083789825,-0.2158349007368087,0.4613803029060364,0.4064772129058838,-0.1099635884165763,0.4578970670700073,0.4063894748687744,-0.156698927283287,0.4026065468788147,0.4485691487789154,0.0458555668592453,0.3831216692924499,0.4674051702022552,-0.2646301090717315,0.4101177155971527,0.5986586213111877,0.0875582471489906,0.3693248331546783,0.6794267892837524,-0.2432660162448883,0.4674546420574188,0.6110852956771851,-0.0033614595886319,0.446614146232605,0.7242953181266785,-0.1554204523563385,0.4902365803718567,0.6154895424842834,-0.0229819044470787,0.4650404751300812,0.7428066730499268,-0.1836537420749664,0.4888949990272522,0.6031668186187744,-0.0517297759652137,0.4735114872455597,0.7126314640045166,-0.181367740035057,0.4764038622379303,0.6005429029464722,-0.0191386081278324,0.4682568609714508,0.7066222429275513,-0.1533380895853042,0.3824555575847626,0.7135636806488037,0.0974679440259933,0.3670589029788971,0.7588648796081543,-0.0971838533878326,0.484232634305954,0.7065566182136536,0.2104640454053878,0.5193700194358826,0.8115193843841553,-0.0900747925043106,0.426554262638092,0.8447335958480835,0.3500381410121918,0.4406168162822723,0.8869285583496094,0.1557669937610626,0.4071197509765625,0.869478166103363,0.3641956746578216,0.4158790707588196,0.8974393606185913,0.1873149871826172,0.445551723241806,0.9013563990592957,0.3948692381381988,0.4426634907722473,0.935193419456482,0.2523867189884186,dataset\external_videos\incorrect\P01_incorrect_005.mp4,518,17.288771,2.0,29.96164451736091,P01,unknown,external_video,1,0.35307664,0,false_negative
0.4653632044792175,0.35706627368927,-0.0846936702728271,0.4590707719326019,0.3334977328777313,-0.0693695768713951,0.458304613828659,0.3327221870422363,-0.069419227540493,0.4572016596794128,0.3317719399929046,-0.0694716200232505,0.4550956785678863,0.3338125944137573,-0.1064514219760894,0.451433390378952,0.3332138061523437,-0.1065467447042465,0.4473542273044586,0.3326723873615265,-0.1065597832202911,0.4364243447780609,0.338381826877594,0.0103428224101662,0.4267230927944183,0.3414787650108337,-0.1502462923526764,0.4609208703041076,0.3798470795154571,-0.0529516600072383,0.455505907535553,0.3804244995117187,-0.0994977056980133,0.4253875315189361,0.4372990131378174,0.1147498562932014,0.3843971192836761,0.4794355630874634,-0.2209038138389587,0.4354787468910217,0.5914366841316223,0.0516620501875877,0.4130546748638153,0.6626650094985962,-0.1574783474206924,0.4857733845710754,0.554891049861908,-0.2250363528728485,0.485554575920105,0.5892320275306702,0.04427420347929,0.5070669054985046,0.5483022928237915,-0.2403627187013626,0.5098186135292053,0.582102358341217,0.042352095246315,0.5049688816070557,0.5195456743240356,-0.24847112596035,0.5061429738998413,0.5544453263282776,0.0415748469531536,0.4943246245384216,0.5186231732368469,-0.2472389489412307,0.4987927973270416,0.5543245077133179,0.0502057000994682,0.3957721292972564,0.6936982274055481,0.1022185385227203,0.3645311892032623,0.7493501305580139,-0.101984217762947,0.5238521695137024,0.7199808359146118,0.1817967146635055,0.5185458660125732,0.832689106464386,-0.151964396238327,0.41289022564888,0.8024054765701294,0.2260047942399978,0.3925752937793731,0.8481832146644592,0.024152098223567,0.3916865885257721,0.8088479042053223,0.2258006036281585,0.3667733371257782,0.8365490436553955,0.0471213869750499,0.3999093472957611,0.8405078053474426,0.2640072703361511,0.387455552816391,0.877920389175415,0.116165392100811,dataset\external_videos\incorrect\P01_incorrect_005.mp4,1204,40.18471,2.0,29.96164451736091,P01,unknown,external_video,1,0.017093861,0,false_negative
0.4652692079544067,0.3631068468093872,-0.080006405711174,0.4605594575405121,0.3393938839435577,-0.0670360326766967,0.460020512342453,0.3383913934230804,-0.0671760365366935,0.4593141376972198,0.3372585475444793,-0.0672649890184402,0.4567531049251556,0.3393112123012543,-0.1033363044261932,0.4533895552158355,0.338215559720993,-0.1034380942583084,0.4497651755809784,0.3371749818325043,-0.1034266203641891,0.4412200152873993,0.3413526117801666,0.0095546450465917,0.4288095533847809,0.343498945236206,-0.148516371846199,0.45951709151268,0.3842725753784179,-0.0478097200393676,0.4545572102069855,0.3845944404602051,-0.0932499691843986,0.4167130887508392,0.435122936964035,0.1149663478136062,0.3874154090881347,0.4788483083248138,-0.2152098268270492,0.4527613520622253,0.5904105305671692,0.101472407579422,0.4644379913806915,0.6288034319877625,-0.1492132842540741,0.4619114100933075,0.6380457282066345,-0.1029217913746833,0.4863505959510803,0.4485199749469757,0.0648882240056991,0.4662112593650818,0.6565510630607605,-0.1261665523052215,0.4910936057567596,0.4085488021373749,0.0628400966525077,0.4604769647121429,0.6491632461547852,-0.1337321549654007,0.4782869517803192,0.4007667303085327,0.0511715151369571,0.4599210321903229,0.6342049241065979,-0.114196203649044,0.4740294516086578,0.4154159724712372,0.0666107907891273,0.3905966877937317,0.7017882466316223,0.102342203259468,0.3647368550300598,0.7510649561882019,-0.102104976773262,0.5089250206947327,0.7171787619590759,0.1534223705530166,0.5175236463546753,0.8294707536697388,-0.1634733527898788,0.4172200858592987,0.8140215277671814,0.2057814002037048,0.4096961319446563,0.8586997389793396,0.0414669327437877,0.3928734958171844,0.8241785764694214,0.2110501676797866,0.3772610127925873,0.8385563492774963,0.0712068602442741,0.4043322205543518,0.8454058766365051,0.2556995749473572,0.4179528057575226,0.8945997953414917,0.1584450155496597,dataset\external_videos\incorrect\P01_incorrect_005.mp4,1218,40.651974,2.0,29.96164451736091,P01,unknown,external_video,1,0.24543425,0,false_negative
0.4706312716007232,0.3912981152534485,-0.0625151619315147,0.464533656835556,0.3668492138385772,-0.0535273142158985,0.4649141132831573,0.364830881357193,-0.0536797679960727,0.4649028480052948,0.3628213703632355,-0.0537738353013992,0.4592050611972809,0.3687286078929901,-0.0874136760830879,0.4593798518180847,0.3680849373340606,-0.0874603018164634,0.4589358270168304,0.3674348294734955,-0.0874134451150894,0.4430254101753235,0.3632380366325378,0.0039231088012456,0.4414325356483459,0.3677379190921783,-0.1462619453668594,0.4651748538017273,0.4078105688095093,-0.0365116111934185,0.4605818688869476,0.4110287427902221,-0.0795495882630348,0.4106248915195465,0.4357802271842956,0.1040859967470169,0.4089474081993103,0.4783265292644501,-0.2083545625209808,0.450998991727829,0.5824089050292969,0.165875568985939,0.4974881708621979,0.5928211808204651,-0.1450655907392501,0.4575941860675812,0.6619079113006592,0.0842964947223663,0.4874472320079803,0.4303351938724518,0.0703854635357856,0.4675346910953522,0.6802668571472168,0.0789118558168411,0.485021710395813,0.3910902738571167,0.0691882297396659,0.4689495265483856,0.6781917810440063,0.0568723417818546,0.4717043042182922,0.3854231238365173,0.0619738586246967,0.4609779715538025,0.6720713376998901,0.0723376721143722,0.469098836183548,0.3980520665645599,0.0729411989450454,0.3848654329776764,0.7089686393737793,0.104369930922985,0.3745136260986328,0.7598733901977539,-0.1042235642671585,0.4991680085659027,0.7155532836914062,0.2403762936592102,0.5198776125907898,0.8311055898666382,-0.1163040325045585,0.4330019652843475,0.8247969746589661,0.2967728972434997,0.4377297163009643,0.8915626406669617,0.0887725427746772,0.4141997694969177,0.8389408588409424,0.303479790687561,0.4142349064350128,0.8887153267860413,0.1186528205871582,0.4475255906581878,0.8687501549720764,0.3593701720237732,0.4497281908988952,0.9336642622947692,0.2136966586112976,dataset\external_videos\incorrect\P01_incorrect_005.mp4,1232,41.119238,2.0,29.96164451736091,P01,unknown,external_video,1,0.08287381,0,false_negative
0.4819648563861847,0.3807339668273926,-0.0748978406190872,0.4796886444091797,0.3541770279407501,-0.0598397254943847,0.4783380627632141,0.3528268039226532,-0.0599958896636962,0.4766009449958801,0.3513055741786957,-0.0601593032479286,0.4774214327335357,0.3537761867046356,-0.0987788885831832,0.4747923910617828,0.3522626757621765,-0.0988221392035484,0.4717951118946075,0.3505090475082397,-0.0988867208361625,0.4564627408981323,0.3514299094676971,0.0068451920524239,0.4512310922145843,0.3522749543190002,-0.165501520037651,0.4709990620613098,0.4008501172065735,-0.0465161353349685,0.4682319462299347,0.4002992510795593,-0.0963529497385025,0.4211279153823852,0.4493485987186432,0.1024630963802337,0.4009297490119934,0.4703047573566437,-0.2271388471126556,0.4267944693565368,0.5981753468513489,0.1284871399402618,0.379035085439682,0.6583361029624939,-0.1975380927324295,0.4792558848857879,0.6255736351013184,0.0095525560900568,0.4535891413688659,0.7051208019256592,-0.0808080360293388,0.4984189867973327,0.6371574401855469,-0.0141142709180712,0.472694844007492,0.715404748916626,-0.101599708199501,0.5084632635116577,0.6089984178543091,-0.0406431332230567,0.474331796169281,0.6878321766853333,-0.0977682992815971,0.4946338236331939,0.6098405718803406,-0.0075657684355974,0.467982143163681,0.6815516948699951,-0.0771075040102005,0.3932356834411621,0.7118450403213501,0.1075900867581367,0.3746385872364044,0.7626161575317383,-0.1073629483580589,0.492315411567688,0.7373285293579102,0.2101144045591354,0.5228796601295471,0.8374704122543335,-0.1038082316517829,0.4237276911735534,0.873389482498169,0.3482532501220703,0.4191188216209411,0.8934850096702576,0.1844419687986374,0.4033354520797729,0.8872875571250916,0.3626345098018646,0.3816947340965271,0.8437265157699585,0.2213607132434845,0.4456341862678528,0.9139772653579712,0.390180230140686,0.4310523867607116,0.9347609281539916,0.2990888953208923,dataset\external_videos\incorrect\P01_incorrect_005.mp4,1596,53.268104,2.0,29.96164451736091,P01,unknown,external_video,1,0.06853753,0,false_negative
0.4725332856178283,0.395646721124649,-0.0810447633266449,0.4738097786903381,0.3742519915103912,-0.0662603378295898,0.4729725122451782,0.372882604598999,-0.066396377980709,0.4717667698860168,0.3714261651039123,-0.0665230900049209,0.4714251458644867,0.3717450201511383,-0.1047640889883041,0.4691101014614105,0.3687324821949005,-0.1048169434070587,0.4662831127643585,0.3652736842632293,-0.10486601293087,0.452344536781311,0.3565808832645416,0.0019914945587515,0.4470753073692322,0.3558617830276489,-0.1689104288816452,0.4597339034080505,0.4104080498218536,-0.0521285198628902,0.4574809372425079,0.4051996171474457,-0.1016230806708335,0.414204329252243,0.4502498209476471,0.0927724614739418,0.3870128095149994,0.4703978896141052,-0.2272995412349701,0.421606034040451,0.6027840375900269,0.1172944009304046,0.3853717446327209,0.6836729645729065,-0.1938953697681427,0.4824011921882629,0.6210815906524658,-0.0116235660389065,0.4499348104000091,0.7169814705848694,-0.0850570052862167,0.5053643584251404,0.6289634704589844,-0.0387649461627006,0.4715986251831054,0.722283661365509,-0.1065757945179939,0.5116998553276062,0.5945996046066284,-0.0666618049144744,0.472347617149353,0.7157076597213745,-0.1044269576668739,0.4997740685939789,0.5969783067703247,-0.030186541378498,0.4657416641712188,0.6961937546730042,-0.0818107426166534,0.3903738558292389,0.7123615741729736,0.1037975326180458,0.3689943552017212,0.7672588229179382,-0.1035345047712326,0.4973960816860199,0.7363656759262085,0.2132661342620849,0.5205109715461731,0.8368098735809326,-0.1214745789766311,0.4222816526889801,0.8414562940597534,0.3313470184803009,0.4117380380630493,0.8662165403366089,0.1354516595602035,0.4021913409233093,0.8503913283348083,0.3431863486766815,0.3746754229068756,0.8234598636627197,0.1701211184263229,0.430324912071228,0.8798367977142334,0.3842241168022156,0.4139124155044555,0.90033358335495,0.2609273791313171,dataset\external_videos\incorrect\P01_incorrect_005.mp4,1610,53.735368,2.0,29.96164451736091,P01,unknown,external_video,1,0.10858244,0,false_negative
0.4799771606922149,0.3968879878520965,-0.0815871134400367,0.4799932837486267,0.3714988231658935,-0.0708255991339683,0.4787079095840454,0.3695160746574402,-0.0709246695041656,0.4770810306072235,0.3671674430370331,-0.0710231736302375,0.4789170026779175,0.3710372745990753,-0.1067118570208549,0.476980984210968,0.3689925372600555,-0.1068423613905906,0.4746940732002258,0.3666639029979706,-0.106913574039936,0.4589706659317016,0.3608576357364654,-0.0013762154849246,0.4536979496479034,0.3615877032279968,-0.1607526689767837,0.4703929126262665,0.4115325212478637,-0.0529714860022068,0.4687365889549255,0.4102370142936706,-0.1006510555744171,0.418010801076889,0.4508374631404876,0.0832938626408577,0.3913371860980987,0.4724400043487549,-0.226064532995224,0.4245167970657348,0.6080116033554077,0.0991602092981338,0.3907260000705719,0.6821713447570801,-0.1891492158174514,0.4819005131721496,0.6187843680381775,-0.050372876226902,0.4711125791072845,0.6642342209815979,-0.0450283028185367,0.5098538398742676,0.6081446409225464,-0.0708860009908676,0.4991374015808105,0.6696557998657227,-0.058786254376173,0.5147359371185303,0.5832051634788513,-0.0944467410445213,0.5079947710037231,0.631780207157135,-0.052711721509695,0.5013136863708496,0.5875207781791687,-0.066707007586956,0.4977536797523498,0.629597008228302,-0.0391964800655841,0.3892319500446319,0.713981032371521,0.0969992578029632,0.3693332076072693,0.77034592628479,-0.0966444462537765,0.5037668347358704,0.7105695009231567,0.2077835947275161,0.5197961926460266,0.8318127989768982,-0.1328491568565368,0.4118410348892212,0.819715142250061,0.3140315413475036,0.3970254063606262,0.8531444668769836,0.1213103160262107,0.3908357918262481,0.8244116306304932,0.3238343000411987,0.3678735494613647,0.8215858340263367,0.1532786786556244,0.4112476706504822,0.8603522777557373,0.3617970049381256,0.382735401391983,0.8559561967849731,0.2391307502985,dataset\external_videos\incorrect\P01_incorrect_005.mp4,1680,56.071689,2.0,29.96164451736091,P01,unknown,external_video,1,0.19136661,0,false_negative
0.4802799820899963,0.3880965113639831,-0.0796655267477035,0.4796867668628692,0.3615874052047729,-0.0650547742843627,0.4784030616283417,0.3600481748580932,-0.0651370882987976,0.4768514931201935,0.3584370613098144,-0.0652319863438606,0.478427916765213,0.3618588447570801,-0.1004190742969513,0.4764257371425628,0.3605910241603851,-0.1005396768450737,0.4740473926067352,0.3591777980327606,-0.1005985662341117,0.4578568339347839,0.3570891320705414,0.0064387493766844,0.4529255330562591,0.3584353327751159,-0.152185171842575,0.470841109752655,0.4053913652896881,-0.0513857677578926,0.4693614840507507,0.4050222039222717,-0.0981413796544075,0.4182549715042114,0.4508200585842132,0.0919781848788261,0.3914665579795837,0.4706115424633026,-0.2255756109952926,0.4254787564277649,0.6073430180549622,0.0991038382053375,0.3857578635215759,0.6778926253318787,-0.1859219670295715,0.481771856546402,0.6220474243164062,-0.0534396171569824,0.4674361050128937,0.6705323457717896,-0.0304409358650445,0.5080891847610474,0.6158542633056641,-0.0735626891255378,0.4985040128231048,0.6866134405136108,-0.0417902581393718,0.5151228308677673,0.5857787728309631,-0.0973147302865982,0.5057416558265686,0.6513614058494568,-0.0360303334891796,0.5022118091583252,0.5889726281166077,-0.0702070370316505,0.496099591255188,0.6475788950920105,-0.0244655217975378,0.3893834948539734,0.7124131917953491,0.0974561721086502,0.3694516122341156,0.7674931287765503,-0.0971260443329811,0.5069496035575867,0.7110379934310913,0.202152669429779,0.5200632810592651,0.8250365853309631,-0.1327993124723434,0.41429403424263,0.8194637298583984,0.2935084998607635,0.4023609459400177,0.8559384346008301,0.1116300299763679,0.391031801700592,0.8237379789352417,0.3006338775157928,0.3708115220069885,0.8188836574554443,0.1415364742279052,0.4178485870361328,0.8605841994285583,0.3404738008975982,0.3989737629890442,0.8777925968170166,0.2247291058301925,dataset\external_videos\incorrect\P01_incorrect_005.mp4,1694,56.538953,2.0,29.96164451736091,P01,unknown,external_video,1,0.23026778,0,false_negative
0.4804185628890991,0.3854976594448089,-0.0818457379937172,0.4798479974269867,0.3583960235118866,-0.0661477521061897,0.4785612225532532,0.3568351864814758,-0.0662541016936302,0.4770277738571167,0.3552870452404022,-0.0663643330335617,0.478506475687027,0.358888030052185,-0.1016373485326767,0.4764853119850158,0.3577277958393097,-0.1017296016216278,0.4740903675556183,0.3564886152744293,-0.1017729416489601,0.4578170478343963,0.3551163077354431,0.0029625631868839,0.4530474841594696,0.3570418059825897,-0.1551612019538879,0.4714150726795196,0.4034848511219024,-0.0543709956109523,0.4700894355773926,0.4034237563610077,-0.100764088332653,0.4183578789234161,0.45088791847229,0.0897105708718299,0.3923510015010834,0.4700452983379364,-0.2271182835102081,0.4235472977161407,0.6079725027084351,0.1007464751601219,0.3786229491233825,0.6763157248497009,-0.1942508965730667,0.4789411425590515,0.6351698040962219,-0.0296143945306539,0.4601011574268341,0.7222940921783447,-0.0695356354117393,0.5045983195304871,0.6363397836685181,-0.0492271073162555,0.467877984046936,0.751721203327179,-0.0894266664981842,0.5140761733055115,0.6032015681266785,-0.0775752961635589,0.4753578305244446,0.7260768413543701,-0.0873147174715995,0.5012462735176086,0.6049900054931641,-0.0476181991398334,0.4692957103252411,0.7214899659156799,-0.0666117668151855,0.389401912689209,0.7111444473266602,0.0974337309598922,0.3694902658462524,0.7668688297271729,-0.097110629081726,0.5084124803543091,0.7021588087081909,0.2092621326446533,0.5200695395469666,0.8230300545692444,-0.1302274316549301,0.4287137687206268,0.8182134628295898,0.3046802878379822,0.4113064110279083,0.8566253781318665,0.1409098356962204,0.4090704619884491,0.8257220387458801,0.311519980430603,0.3872874081134796,0.8398541212081909,0.1755328178405761,0.4352771937847137,0.8553363084793091,0.3562555015087127,0.4110241830348968,0.8811084032058716,0.2681197226047516,dataset\external_videos\incorrect\P01_incorrect_005.mp4,1708,57.006217,2.0,29.96164451736091,P01,unknown,external_video,1,0.27681223,0,false_negative
0.4806780815124511,0.384056031703949,-0.0820738151669502,0.4790238440036773,0.35698401927948,-0.0666049346327781,0.4777989983558655,0.3554699420928955,-0.0667240619659423,0.4763511419296264,0.3539747297763824,-0.0668431594967842,0.4776579737663269,0.3574774861335754,-0.1025595590472221,0.475657969713211,0.3563872277736664,-0.1026329472661018,0.4732221364974975,0.3552437126636505,-0.102666825056076,0.4569124579429626,0.3542098104953766,0.0003467748174443,0.4521692097187042,0.3564492166042328,-0.1602996438741684,0.4714527130126953,0.4021394848823547,-0.0547923929989337,0.47008016705513,0.4020888209342956,-0.1015260592103004,0.4175202548503876,0.4501086473464966,0.0899281650781631,0.3926099240779876,0.4700738489627838,-0.2304634898900985,0.4224292635917663,0.6081352233886719,0.1098969206213951,0.3820129632949829,0.6781551241874695,-0.1937416046857834,0.4763942062854767,0.637297511100769,-0.0041366815567016,0.4633444547653198,0.7123850584030151,-0.0634553208947181,0.5016550421714783,0.6421973705291748,-0.0228212568908929,0.4679917395114898,0.738433301448822,-0.0821101367473602,0.5122718811035156,0.6114464998245239,-0.050540879368782,0.4743236005306244,0.7227705121040344,-0.0799882039427757,0.4990718960762024,0.613098680973053,-0.021454719826579,0.4686093032360077,0.7081524133682251,-0.0602634400129318,0.3890684843063354,0.7102760076522827,0.0976466983556747,0.3695113956928253,0.7667256593704224,-0.0973243415355682,0.5093190670013428,0.7034497261047363,0.2080599814653396,0.5200787782669067,0.8233717679977417,-0.1308059841394424,0.4348503053188324,0.8215149641036987,0.3090087473392486,0.4195368885993957,0.8575671911239624,0.1398172527551651,0.4151407182216644,0.8261207342147827,0.3177075088024139,0.3886790871620178,0.8346368670463562,0.175121858716011,0.4434194266796112,0.8616355657577515,0.3617734313011169,0.4253107011318207,0.8822090029716492,0.2683723568916321,dataset\external_videos\incorrect\P01_incorrect_005.mp4,1722,57.473481,2.0,29.96164451736091,P01,unknown,external_video,1,0.22665377,0,false_negative
0.4808490574359894,0.3837267756462097,-0.0820916965603828,0.4785121977329254,0.3564754724502563,-0.0667352452874183,0.4773110747337341,0.354924589395523,-0.0668585151433944,0.4758933484554291,0.35337695479393,-0.0669810995459556,0.4771545529365539,0.3569642603397369,-0.1023972555994987,0.4751603007316589,0.3558379411697387,-0.1024676263332367,0.4727099537849426,0.354657918214798,-0.1024990975856781,0.4565581381320953,0.353520005941391,-0.001207778812386,0.451896458864212,0.3560722470283508,-0.1599778980016708,0.4714809060096741,0.4015258252620697,-0.0552189536392688,0.4700741171836853,0.4014709591865539,-0.1012184843420982,0.4168548285961151,0.4498642385005951,0.0855919569730758,0.3935432732105255,0.4698085188865661,-0.2281555384397506,0.4222564399242401,0.6081370115280151,0.1081912368535995,0.3810564875602722,0.6771891117095947,-0.1931860595941543,0.4777707457542419,0.634286642074585,-0.0105306003242731,0.4637589752674103,0.7151975035667419,-0.0660820752382278,0.5031645894050598,0.6399542093276978,-0.0295135881751775,0.4734271168708801,0.733318567276001,-0.0854149162769317,0.5123235583305359,0.6086044907569885,-0.0560736544430255,0.4749612510204315,0.721449077129364,-0.083194114267826,0.4988358318805694,0.6135513186454773,-0.0273770112544298,0.4666275978088379,0.717991292476654,-0.0632051303982734,0.3891305327415466,0.7097586393356323,0.0957353860139846,0.3695918023586273,0.7664690613746643,-0.0954120233654975,0.5098463296890259,0.7046797275543213,0.2077072560787201,0.5202006101608276,0.8234437704086304,-0.1289911121129989,0.4345819354057312,0.8215736746788025,0.305075854063034,0.4192443192005157,0.8589168787002563,0.1320370882749557,0.4137586057186126,0.8270153403282166,0.3132020831108093,0.38831427693367,0.8244051933288574,0.1664724647998809,0.4373492300510406,0.8601248264312744,0.361033946275711,0.422873705625534,0.8854144811630249,0.2578422427177429,dataset\external_videos\incorrect\P01_incorrect_005.mp4,1736,57.940745,2.0,29.96164451736091,P01,unknown,external_video,1,0.17727993,0,false_negative
0.4809796512126922,0.3821891546249389,-0.081984169781208,0.4780794680118561,0.3549210727214813,-0.0668218657374382,0.4768623411655426,0.3534150123596191,-0.0669477209448814,0.4754125475883484,0.3519107401371002,-0.0670730769634246,0.4767684042453766,0.3557301759719848,-0.1023315638303756,0.4747620224952698,0.3548060953617096,-0.1023994982242584,0.4722650349140167,0.3538046777248382,-0.1024298965930938,0.4560068547725677,0.3530477881431579,-0.0020147657487541,0.4514557123184204,0.3558877110481262,-0.1599408239126205,0.4714947342872619,0.4003670513629913,-0.0552522949874401,0.4700985252857208,0.4007051587104797,-0.1010039001703262,0.416309505701065,0.4488566219806671,0.0860533490777015,0.3938020765781402,0.4691875576972961,-0.2277075350284576,0.4220669865608215,0.6077374815940857,0.1081842556595802,0.3812815248966217,0.6770322918891907,-0.1917938143014907,0.4778735935688019,0.6319748759269714,-0.0105360988527536,0.4649062752723694,0.7096391916275024,-0.0593120492994785,0.5040653944015503,0.6362307667732239,-0.0287957582622766,0.4707745313644409,0.7309814095497131,-0.0761892795562744,0.5126568078994751,0.602704644203186,-0.054078884422779,0.4776516258716583,0.7056105732917786,-0.0739782303571701,0.4992688596248626,0.6039116978645325,-0.0269148144870996,0.4686387777328491,0.7041962742805481,-0.0557824559509754,0.3887839019298553,0.7088851928710938,0.0955073609948158,0.3696956932544708,0.7661594748497009,-0.0951737165451049,0.5112535953521729,0.7050122022628784,0.2035059928894043,0.5204011797904968,0.8218689560890198,-0.1295544058084488,0.4338147342205047,0.8170143365859985,0.2919159829616546,0.4191164970397949,0.8567665815353394,0.1181976571679115,0.4123944640159607,0.8221557140350342,0.2992596924304962,0.3880001306533813,0.8215887546539307,0.1505870968103408,0.4343738853931427,0.8544085621833801,0.3462181091308594,0.4215872883796692,0.8838709592819214,0.243858516216278,dataset\external_videos\incorrect\P01_incorrect_005.mp4,1750,58.408009,2.0,29.96164451736091,P01,unknown,external_video,1,0.15063609,0,false_negative
0.4807194769382477,0.3812638819217682,-0.0814701542258262,0.4776862263679504,0.3543837368488312,-0.0658479109406471,0.4765118658542633,0.3529411554336548,-0.0659676119685173,0.4750830829143524,0.3514452278614044,-0.0660893097519874,0.4762939810752868,0.355040580034256,-0.1015796139836311,0.474240630865097,0.3541062772274017,-0.1016421318054199,0.4716464877128601,0.3530424535274505,-0.1016703322529792,0.4555222690105438,0.3518588244915008,-7.233443466247991e-05,0.4506987631320953,0.3546656966209411,-0.1592739969491958,0.471178650856018,0.399817943572998,-0.054760567843914,0.4696248471736908,0.3998519480228424,-0.1007324382662773,0.4160841107368469,0.4487470388412475,0.0914164558053016,0.3939234912395477,0.4679568111896515,-0.2286460250616073,0.4225451350212097,0.6075307130813599,0.1128502413630485,0.3824582695960998,0.6761484742164612,-0.1916441917419433,0.4782525599002838,0.6311107277870178,-0.0071002291515469,0.4656592905521393,0.7070764303207397,-0.0561265684664249,0.501991331577301,0.6392510533332825,-0.0248903091996908,0.475034236907959,0.7245182991027832,-0.0722173601388931,0.511737585067749,0.6072014570236206,-0.0512744262814521,0.4780747592449188,0.7057139277458191,-0.0701068937778472,0.4980312883853912,0.6082918047904968,-0.0242141056805849,0.4689398109912872,0.7049393653869629,-0.052483033388853,0.3886634707450866,0.7089260816574097,0.0963015854358673,0.3697811961174011,0.7660604119300842,-0.0959696248173713,0.5137892961502075,0.7066863179206848,0.2031984478235244,0.52067631483078,0.8225229382514954,-0.1335658431053161,0.4337504506111145,0.8189638257026672,0.2889381051063537,0.4195958375930786,0.858018159866333,0.1119009479880333,0.4133612215518951,0.824442982673645,0.2955054342746734,0.3914521336555481,0.8497970700263977,0.1440983265638351,0.4344904720783233,0.8575002551078796,0.3395255208015442,0.42157644033432,0.8863867521286011,0.2368746846914291,dataset\external_videos\incorrect\P01_incorrect_005.mp4,1764,58.875273,2.0,29.96164451736091,P01,unknown,external_video,1,0.12824406,0,false_negative
0.4796262085437774,0.380202442407608,-0.0795836746692657,0.4767527878284454,0.3541000485420227,-0.0639298111200332,0.4757034182548523,0.3528292775154114,-0.0640546232461929,0.4743574857711792,0.3514744937419891,-0.0641857981681823,0.4750273823738098,0.3545566201210022,-0.1000474244356155,0.472747266292572,0.3536356687545776,-0.1001064106822013,0.4699182510375976,0.3525615632534027,-0.1001401171088218,0.4548006951808929,0.3520578742027282,0.0020280848257243,0.4492970705032348,0.3544788956642151,-0.1585864126682281,0.4704610407352447,0.3991158306598663,-0.0527243427932262,0.4683712720870971,0.3989195823669433,-0.0991683974862098,0.4156521260738373,0.4488508403301239,0.0944865420460701,0.3944796919822693,0.4677225053310394,-0.2282448261976242,0.4228034913539886,0.607287585735321,0.1201460361480712,0.3846801817417145,0.6760121583938599,-0.1911067962646484,0.4787856042385101,0.6298685669898987,0.0032379741314798,0.4671463668346405,0.6876147389411926,-0.0556020624935627,0.5023975968360901,0.6334246397018433,-0.0148994894698262,0.4921542704105377,0.7213678359985352,-0.0718945488333702,0.5128318071365356,0.6018217206001282,-0.0415425449609756,0.4990175366401672,0.6801748275756836,-0.0666242316365242,0.4989306330680847,0.6016467213630676,-0.0139910131692886,0.48873370885849,0.6758050918579102,-0.0508716590702533,0.3888461887836456,0.7093052864074707,0.0970843881368637,0.3702359795570373,0.7661604285240173,-0.096763826906681,0.5137439966201782,0.712052047252655,0.1996460855007171,0.520929753780365,0.8233526349067688,-0.1358041018247604,0.4344023764133453,0.8280714750289917,0.2911898791790008,0.4195083379745483,0.8650040030479431,0.1108182594180107,0.4144238829612732,0.8351813554763794,0.2986339926719665,0.3874053359031677,0.8400350213050842,0.1433431953191757,0.4368883669376373,0.866424024105072,0.3418871760368347,0.4213134050369262,0.8956099152565002,0.2341464310884475,dataset\external_videos\incorrect\P01_incorrect_005.mp4,1778,59.342537,2.0,29.96164451736091,P01,unknown,external_video,1,0.055301707,0,false_negative
0.4792963564395904,0.379863977432251,-0.0776839777827262,0.4763572514057159,0.3538528680801391,-0.0622044056653976,0.4753227829933166,0.3526036143302917,-0.0623214729130268,0.4739830791950226,0.3512721955776214,-0.0624497905373573,0.474663645029068,0.3542975485324859,-0.0986376851797103,0.4724064767360687,0.3533821403980255,-0.0986967906355857,0.4696108400821686,0.3523039221763611,-0.0987333282828331,0.4544482231140136,0.3517754077911377,0.0044369078241288,0.4490322470664978,0.3540537357330322,-0.1577379256486892,0.4700602293014526,0.3987897932529449,-0.0506320372223854,0.4679003655910492,0.3985663950443268,-0.0976201072335243,0.415770024061203,0.4487862586975097,0.0976916849613189,0.3948844373226166,0.4669039845466614,-0.2284922003746032,0.4233085513114929,0.6069625020027161,0.1144373938441276,0.3829223215579986,0.6757346391677856,-0.1898478716611862,0.479471206665039,0.6193166375160217,-0.0228495188057422,0.468042254447937,0.6938961744308472,-0.0368658080697059,0.5068596005439758,0.6173132658004761,-0.0422799363732337,0.4911243319511413,0.7150850892066956,-0.048737596720457,0.515967607498169,0.5905264616012573,-0.0645522028207779,0.4890312254428863,0.6976910829544067,-0.0463024750351905,0.503024697303772,0.5879598259925842,-0.0390112660825252,0.4781199395656585,0.6973652839660645,-0.0322985425591468,0.3888686895370483,0.7089153528213501,0.0975104346871376,0.3700060844421386,0.7656112909317017,-0.0971949324011802,0.5150137543678284,0.7100990414619446,0.1966249793767929,0.5209360718727112,0.8234205842018127,-0.1406556218862533,0.4338574111461639,0.8239991068840027,0.2825595736503601,0.4179444313049316,0.8635579943656921,0.0963804498314857,0.4138195812702179,0.8300526142120361,0.2896022796630859,0.3860113322734833,0.8292363882064819,0.1283456534147262,0.4365725517272949,0.8641707301139832,0.3330969214439392,0.4171302616596222,0.8950038552284241,0.2179681807756424,dataset\external_videos\incorrect\P01_incorrect_005.mp4,1792,59.809801,2.0,29.96164451736091,P01,unknown,external_video,1,0.07339442,0,false_negative
0.4793972074985504,0.3789287209510803,-0.0843134373426437,0.4764500856399536,0.3526529371738434,-0.0696820840239524,0.4754058718681335,0.3514414131641388,-0.0698140114545822,0.4740629196166992,0.3501497805118561,-0.0699572190642356,0.4747730195522308,0.3531651794910431,-0.106615662574768,0.4725347459316253,0.3523407280445099,-0.1066772490739822,0.4697509706020355,0.3513475954532623,-0.1067239791154861,0.4545517265796661,0.3511592745780945,-0.0039982451125979,0.4491114318370819,0.3534811437129974,-0.1681821644306183,0.4700910449028015,0.3983040452003479,-0.0570993609726429,0.4679198861122131,0.3982370793819427,-0.1045819669961929,0.415798008441925,0.4478017687797546,0.0905124098062515,0.3950922787189483,0.466929942369461,-0.2353944033384323,0.4231878817081451,0.6069037914276123,0.114080898463726,0.3841904699802398,0.6764869689941406,-0.1948477923870086,0.4801580309867859,0.6135267615318298,-0.0149551415815949,0.4693085551261902,0.6806658506393433,-0.0467723459005355,0.5090833902359009,0.611096203327179,-0.0345517545938491,0.4990158379077911,0.7025620341300964,-0.0611624047160148,0.5177921056747437,0.5857189297676086,-0.0579285621643066,0.5038938522338867,0.6641605496406555,-0.0565185621380806,0.5048308372497559,0.5829742550849915,-0.0312336329370737,0.4930994808673858,0.6607205867767334,-0.0418227463960647,0.3889866173267364,0.7089174389839172,0.0975662097334861,0.3703741729259491,0.7664527893066406,-0.0972569063305854,0.5147047638893127,0.7099182605743408,0.1967843919992447,0.5209669470787048,0.824272632598877,-0.1401743441820144,0.4347595572471618,0.8249022364616394,0.290688693523407,0.4182032942771911,0.8644802570343018,0.1118642911314964,0.4145050942897796,0.832080066204071,0.3000630736351013,0.3838815689086914,0.8295376300811768,0.1461550444364547,0.4400525391101837,0.8666588068008423,0.3426220118999481,0.4189976751804352,0.896307110786438,0.2359648197889328,dataset\external_videos\incorrect\P01_incorrect_005.mp4,1806,60.277065,2.0,29.96164451736091,P01,unknown,external_video,1,0.054741852,0,false_negative
0.4794510900974273,0.3787032663822174,-0.08157529681921,0.4763615727424621,0.3525249361991882,-0.0660915970802307,0.4753113985061645,0.3512777686119079,-0.0662028491497039,0.4739610850811004,0.3499499261379242,-0.0663170665502548,0.4747120141983032,0.3529976308345794,-0.1020664274692535,0.4724745154380798,0.3521123826503753,-0.1021448075771331,0.469670295715332,0.3510636389255523,-0.1021816506981849,0.4544643461704254,0.3508311212062835,0.0015797953819856,0.4489412307739258,0.3531275689601898,-0.1586557924747467,0.4701105952262878,0.3980056345462799,-0.0545122139155864,0.4679384231567383,0.3979370296001434,-0.1011284068226814,0.4158636331558227,0.447893351316452,0.0928170904517173,0.3952861726284027,0.4661130309104919,-0.2302741110324859,0.422688364982605,0.6068106889724731,0.0979125723242759,0.3802445232868194,0.6760998964309692,-0.1905829161405563,0.4792774319648742,0.6149560809135437,-0.053641065955162,0.4672279357910156,0.695141077041626,-0.0432185120880603,0.5090627074241638,0.6096404790878296,-0.073649026453495,0.4905508458614349,0.7117910981178284,-0.0575066767632961,0.5177657008171082,0.5849432349205017,-0.0969897210597992,0.4853193461894989,0.6954039335250854,-0.0549857467412948,0.504142701625824,0.5843265056610107,-0.0703670755028724,0.4751562774181366,0.6929615139961243,-0.0391994714736938,0.388959139585495,0.708932638168335,0.0973597690463066,0.3702445328235626,0.7663840055465698,-0.0970583036541938,0.5136315822601318,0.7096922397613525,0.2026709020137787,0.5209501385688782,0.8244038224220276,-0.1419698297977447,0.418956845998764,0.8102378249168396,0.2827127873897552,0.4036553204059601,0.8493883609771729,0.0855619758367538,0.3999603390693664,0.8118396401405334,0.2876841425895691,0.3810411095619201,0.8180919885635376,0.1155170574784278,0.4131018221378326,0.8448875546455383,0.3354649245738983,0.3851911723613739,0.8548250794410706,0.206673115491867,dataset\external_videos\incorrect\P01_incorrect_005.mp4,1820,60.744329,2.0,29.96164451736091,P01,unknown,external_video,1,0.05819372,0,false_negative
0.4795064032077789,0.3783996403217315,-0.0789117664098739,0.4763428270816803,0.3523883819580078,-0.0634292215108871,0.4752917289733886,0.3511439859867096,-0.0635490119457244,0.4739429056644439,0.3498220145702362,-0.0636647790670394,0.4746845364570617,0.3528745472431183,-0.0990475565195083,0.4724372029304504,0.3520148694515228,-0.0991337448358535,0.4696091711521148,0.3509984314441681,-0.099181905388832,0.4544761478900909,0.3506334125995636,0.0035438223276287,0.448653370141983,0.3530678153038025,-0.155407577753067,0.4701303243637085,0.397727757692337,-0.0520248524844646,0.4679567217826843,0.3977211713790893,-0.098095916211605,0.4159082472324371,0.4479229748249054,0.0935182347893714,0.3953210413455963,0.465881884098053,-0.2248113751411438,0.4217055439949035,0.6076534986495972,0.1042641177773475,0.3793204128742218,0.6756148934364319,-0.1860839426517486,0.4793772399425506,0.6157445907592773,-0.0318189077079296,0.4684967696666717,0.6656736731529236,-0.0421742834150791,0.5090527534484863,0.6097867488861084,-0.0496709309518337,0.4914214313030243,0.6826558709144592,-0.0563573166728019,0.5177474617958069,0.5848296284675598,-0.0763540416955947,0.4963280856609344,0.6670657396316528,-0.0531471818685531,0.5038447380065918,0.5856025218963623,-0.0493161156773567,0.486187994480133,0.6632166504859924,-0.0379237458109855,0.3890093266963959,0.7091423869132996,0.0971719846129417,0.3702522218227386,0.7664693593978882,-0.096866950392723,0.5131627917289734,0.7117581963539124,0.2019209414720535,0.5209712982177734,0.8260970115661621,-0.1429276019334793,0.4207063615322113,0.8120560646057129,0.2849918305873871,0.4047355651855469,0.8516964912414551,0.0931603834033012,0.4013026356697082,0.8150437474250793,0.2912624180316925,0.3776337802410126,0.8188369274139404,0.1244786083698272,0.4186535179615021,0.8491020202636719,0.3375280797481537,0.3957472145557403,0.8585920333862305,0.214038148522377,dataset\external_videos\incorrect\P01_incorrect_005.mp4,1834,61.211593,2.0,29.96164451736091,P01,unknown,external_video,1,0.04491496,0,false_negative
0.4795477986335754,0.3787569999694824,-0.0776814371347427,0.4763381779193878,0.3527098000049591,-0.0623134300112724,0.4752839803695678,0.3514275848865509,-0.0624092742800712,0.4739358723163605,0.3500609397888183,-0.0625030696392059,0.4746903479099273,0.3531814813613891,-0.0979467928409576,0.472452700138092,0.3522854745388031,-0.098035916686058,0.4696301817893982,0.3512337505817413,-0.0980705097317695,0.4544910192489624,0.3505591154098511,0.0056367637589573,0.4486069083213806,0.3531001210212707,-0.1538967490196228,0.4701481163501739,0.3979596793651581,-0.0507771708071231,0.4679715931415558,0.3979382514953613,-0.0969988778233528,0.4161459505558014,0.4479093849658966,0.0940952003002166,0.3953819572925567,0.4652671813964844,-0.2244646996259689,0.4217958748340606,0.6073134541511536,0.091559313237667,0.3795186579227447,0.67170250415802,-0.1824282705783844,0.4793885052204132,0.6126791834831238,-0.0736840590834617,0.476152628660202,0.6334298849105835,-0.0207793228328228,0.508732795715332,0.6093765497207642,-0.0926378220319747,0.4945155084133148,0.6523119807243347,-0.0320831947028636,0.5175742506980896,0.5843688249588013,-0.1159888356924057,0.5018173456192017,0.6358557939529419,-0.0290990248322486,0.5038313269615173,0.5838682055473328,-0.0903438404202461,0.49173703789711,0.6346849203109741,-0.0158365927636623,0.3890002071857452,0.7088379263877869,0.096766211092472,0.3696596324443817,0.7661711573600769,-0.0964827612042427,0.5131216645240784,0.7101845145225525,0.2023455798625946,0.5205166339874268,0.8260935544967651,-0.1431545615196228,0.4152600467205047,0.8065090775489807,0.2712253630161285,0.3965746760368347,0.8478858470916748,0.0675916299223899,0.3962211310863495,0.8072261214256287,0.2746520638465881,0.3709391951560974,0.8181057572364807,0.095862977206707,0.407954066991806,0.8422051668167114,0.3236216008663177,0.3831966519355774,0.849898636341095,0.1860092133283615,dataset\external_videos\incorrect\P01_incorrect_005.mp4,1848,61.678857,2.0,29.96164451736091,P01,unknown,external_video,1,0.07196409,0,false_negative
0.4791540205478668,0.3790135979652405,-0.0771468207240104,0.4759843051433563,0.3529578745365143,-0.0616361051797866,0.4749260246753692,0.3516579270362854,-0.0617229305207729,0.473558098077774,0.3502690196037292,-0.0618125945329666,0.4743824303150177,0.3534123599529266,-0.0974268168210983,0.472163587808609,0.3524858653545379,-0.0975137874484062,0.4694069027900696,0.3513954579830169,-0.0975452736020088,0.4541882872581482,0.3505832850933075,0.0068318541161715,0.4486531019210815,0.3530361950397491,-0.1534216105937957,0.4697080254554748,0.398063063621521,-0.050192192196846,0.4675379395484924,0.397951990365982,-0.0965957716107368,0.416084885597229,0.4479639232158661,0.0949845239520073,0.3954891562461853,0.4650681912899017,-0.2250038683414459,0.4219021201133728,0.6071987748146057,0.0866068080067634,0.3800736665725708,0.6709088087081909,-0.1827393472194671,0.4799692332744598,0.6117924451828003,-0.0795289799571037,0.4755855500698089,0.6445209980010986,-0.02417485229671,0.5087420344352722,0.6091575026512146,-0.0998044908046722,0.4939689338207245,0.6716402173042297,-0.0363372564315795,0.5175564885139465,0.5843815803527832,-0.1215104758739471,0.4974750280380249,0.6415243148803711,-0.0340498760342597,0.5033224821090698,0.5846201777458191,-0.0958197489380836,0.4906376004219055,0.6388735771179199,-0.0196529850363731,0.388940155506134,0.7088860869407654,0.096639260649681,0.3693154752254486,0.7660985589027405,-0.0963633060455322,0.5132854580879211,0.7104081511497498,0.2023104131221771,0.520415723323822,0.8261483311653137,-0.1423376649618148,0.4122723639011383,0.8004902005195618,0.2702921032905578,0.3943209052085876,0.8420329689979553,0.0681992322206497,0.3932094871997833,0.7987553477287292,0.2737519145011902,0.3697970807552337,0.8129637241363525,0.0960175320506095,0.4027484357357025,0.8335415124893188,0.3214788436889648,0.3819347023963928,0.837736189365387,0.1832473576068878,dataset\external_videos\incorrect\P01_incorrect_005.mp4,1862,62.146121,2.0,29.96164451736091,P01,unknown,external_video,1,0.077347025,0,false_negative
0.4785828590393066,0.3818686008453369,-0.0762737020850181,0.475673496723175,0.3554773926734924,-0.0611762814223766,0.4745849072933197,0.3538793921470642,-0.0612730756402015,0.4731691181659698,0.3520745635032654,-0.0613716281950473,0.4740945398807525,0.3557732403278351,-0.0970358178019523,0.4718999862670898,0.3544352352619171,-0.0971194878220558,0.4692083597183227,0.3528783023357391,-0.0971544235944747,0.453720211982727,0.3510021269321441,0.0067776958458125,0.4486706554889679,0.3533366322517395,-0.153633177280426,0.4688687026500702,0.3996849358081817,-0.0494915321469306,0.4667954444885254,0.3992604911327362,-0.0958601534366607,0.4160729050636291,0.4479412138462066,0.0949265584349632,0.3945461511611938,0.4650867283344269,-0.2249749153852462,0.4219542145729065,0.6065472364425659,0.0880795493721962,0.3797053694725036,0.671944797039032,-0.1822049915790558,0.4802136421203613,0.6095183491706848,-0.0689319893717765,0.474903792142868,0.6792675256729126,-0.027502479031682,0.5088165998458862,0.607971727848053,-0.0911178961396217,0.4933358132839203,0.6937499642372131,-0.0402739383280277,0.5176767110824585,0.5834977030754089,-0.1076130494475364,0.4938747584819793,0.6475227475166321,-0.037882462143898,0.5037527084350586,0.5824503898620605,-0.083305649459362,0.4897015392780304,0.6487029790878296,-0.0230886116623878,0.3887511789798736,0.7088764309883118,0.0966148748993873,0.3683915436267853,0.7659448385238647,-0.0963248386979103,0.5134411454200745,0.7103859782218933,0.1936201751232147,0.5204099416732788,0.8261663317680359,-0.14218170940876,0.4160414040088653,0.8022593259811401,0.2740643620491028,0.3995331525802612,0.8423914313316345,0.0760436728596687,0.3956873714923858,0.8010396957397461,0.2792757451534271,0.3710868954658508,0.8145142197608948,0.1050394773483276,0.4104917347431183,0.8360305428504944,0.3250270187854767,0.397762656211853,0.8646184802055359,0.1951634734869003,dataset\external_videos\incorrect\P01_incorrect_005.mp4,1876,62.613386,2.0,29.96164451736091,P01,unknown,external_video,1,0.098032944,0,false_negative
0.4778669774532318,0.3828006982803345,-0.0761376470327377,0.4753231108188629,0.3564949929714203,-0.0611165799200534,0.474319189786911,0.3547863662242889,-0.0612132139503955,0.4729800820350647,0.3528584539890289,-0.0613105408847332,0.473532885313034,0.356765866279602,-0.0970505326986312,0.4712483286857605,0.3552967011928558,-0.0971346125006675,0.468437135219574,0.3536041975021362,-0.0971697494387626,0.4534760415554046,0.3511688411235809,0.0066634570248425,0.4473581612110138,0.3534390330314636,-0.1538191139698028,0.4684563875198364,0.4002867937088012,-0.0493075437843799,0.4660971760749817,0.3998170495033264,-0.0957597270607948,0.416111558675766,0.4478644132614136,0.0948972031474113,0.3930323421955108,0.4659976363182068,-0.2255222797393798,0.4220030903816223,0.6062774062156677,0.0889714509248733,0.3830664753913879,0.6725865602493286,-0.1819272339344024,0.4794435799121856,0.6143323183059692,-0.0695608407258987,0.4747991263866424,0.6701902747154236,-0.017382439225912,0.5087662935256958,0.6081795692443848,-0.0899107009172439,0.4993208348751068,0.6532407402992249,-0.0264469906687736,0.5168756246566772,0.5868779420852661,-0.1103842109441757,0.5043163299560547,0.6245204210281372,-0.0221112500876188,0.5029791593551636,0.5855127573013306,-0.0851608216762542,0.4935278594493866,0.6408571600914001,-0.0114657487720251,0.3890105783939361,0.7087228894233704,0.0963981822133064,0.3681569397449493,0.7658637762069702,-0.0961024463176727,0.5159726738929749,0.7109787464141846,0.1876697093248367,0.5207585692405701,0.8262084722518921,-0.1415252387523651,0.416176438331604,0.8048768043518066,0.2683539092540741,0.4002612233161926,0.8440555930137634,0.078013576567173,0.3967791199684143,0.8051080107688904,0.2746959924697876,0.371693879365921,0.815497636795044,0.1077894046902656,0.4128375351428985,0.8377107381820679,0.3155930936336517,0.3989489376544952,0.8746738433837891,0.194125697016716,dataset\external_videos\incorrect\P01_incorrect_005.mp4,1890,63.08065,2.0,29.96164451736091,P01,unknown,external_video,1,0.12334508,0,false_negative
0.4779000580310821,0.3832303881645202,-0.0777302831411361,0.4753450453281402,0.3569656610488891,-0.0630660504102706,0.4743448495864868,0.3552566766738891,-0.0631709545850753,0.4730091392993927,0.3532986640930176,-0.0632762685418129,0.473540723323822,0.3571732938289642,-0.0992147624492645,0.4712610244750976,0.355692058801651,-0.0993037149310112,0.4684643447399139,0.3539897799491882,-0.099346823990345,0.4534686207771301,0.351199597120285,0.0038411011919379,0.4473840594291687,0.3535856008529663,-0.1572201400995254,0.46846404671669,0.4005238115787506,-0.0508036948740482,0.4660805165767669,0.4000328481197357,-0.0974093526601791,0.4161200821399688,0.4481086134910583,0.0922818556427955,0.392335444688797,0.4664762020111084,-0.2267154902219772,0.4220897555351257,0.6061134338378906,0.0893649235367775,0.3810032904148102,0.6769710779190063,-0.1820608079433441,0.4796545207500458,0.612424910068512,-0.0652501210570335,0.4717785120010376,0.6694419384002686,-0.0181300677359104,0.5087130069732666,0.6082563400268555,-0.0860691890120506,0.4981601536273956,0.6753736734390259,-0.0287609044462442,0.5169553160667419,0.5850760340690613,-0.1074044033885002,0.4977178871631622,0.6449388265609741,-0.0238712336868047,0.5033351182937622,0.583605945110321,-0.0810863822698593,0.4840588271617889,0.6539742350578308,-0.0123892780393362,0.3890151381492615,0.7084759473800659,0.0961792692542076,0.367263525724411,0.765856921672821,-0.0958736464381218,0.5156995058059692,0.7079347968101501,0.1877351105213165,0.5206840634346008,0.826363742351532,-0.1416082084178924,0.4171273112297058,0.8058027029037476,0.269650936126709,0.4013475775718689,0.8457873463630676,0.0809295922517776,0.3976947963237762,0.8070131540298462,0.2764526307582855,0.3720662891864776,0.8162574172019958,0.1112741902470588,0.4139094650745392,0.8410195112228394,0.3190175294876098,0.3991828262805938,0.8750230669975281,0.1987733244895935,dataset\external_videos\incorrect\P01_incorrect_005.mp4,1904,63.547914,2.0,29.96164451736091,P01,unknown,external_video,1,0.15067375,0,false_negative
0.4779658913612366,0.3850339651107788,-0.077454961836338,0.4754833579063415,0.3587158322334289,-0.0628452822566032,0.4744920432567596,0.357041984796524,-0.0629501566290855,0.4731939136981964,0.3550941944122314,-0.0630552917718887,0.4736215770244598,0.3586049675941467,-0.0991726666688919,0.4713419377803802,0.3570000231266022,-0.0992626473307609,0.4685679972171783,0.355166494846344,-0.0993074849247932,0.4535534083843231,0.3518054783344269,0.0040809586644172,0.4474114775657654,0.3541303873062134,-0.1575966030359268,0.4684756398200989,0.402054488658905,-0.0503884516656398,0.4660999476909637,0.4013466835021972,-0.0973071530461311,0.4163514971733093,0.4482923746109009,0.0924706161022186,0.3924461305141449,0.4672369360923767,-0.2276274412870407,0.4221234321594238,0.6060830950737,0.0868890658020973,0.3811453580856323,0.6778967380523682,-0.1817430704832077,0.4798861443996429,0.6124862432479858,-0.0756516531109809,0.4717984199523926,0.689233660697937,-0.020220573991537,0.5087674260139465,0.608805239200592,-0.0980795919895172,0.4961934387683868,0.6988927125930786,-0.0308230761438608,0.517327070236206,0.5851215720176697,-0.1186192259192466,0.4871244132518768,0.6870213747024536,-0.0286865141242742,0.5031942129135132,0.5874921679496765,-0.0915028005838394,0.4814878404140472,0.6608874797821045,-0.0154351387172937,0.3890191912651062,0.7082847356796265,0.0963138863444328,0.3670938909053802,0.7659206986427307,-0.0960142761468887,0.5155446529388428,0.7069528698921204,0.1885957568883896,0.5206955075263977,0.8269637227058411,-0.1415215581655502,0.420032799243927,0.8067502379417419,0.2713552117347717,0.402742475271225,0.8469082117080688,0.0827460214495658,0.3997964560985565,0.8083674907684326,0.2774582803249359,0.3723020255565643,0.8167663216590881,0.1139126941561698,0.4201250374317169,0.8428381681442261,0.320777028799057,0.4034264981746673,0.8757360577583313,0.1997546702623367,dataset\external_videos\incorrect\P01_incorrect_005.mp4,1918,64.015178,2.0,29.96164451736091,P01,unknown,external_video,1,0.21452637,0,false_negative
0.4779938161373138,0.3873284459114074,-0.0755929797887802,0.4755666851997375,0.3608562648296356,-0.061232890933752,0.4745731949806213,0.35912024974823,-0.061354286968708,0.4732924699783325,0.3570625782012939,-0.0614723563194274,0.4736860394477844,0.3604500591754913,-0.0975914970040321,0.4714178740978241,0.3586359620094299,-0.0976750031113624,0.4686913788318634,0.3565501570701599,-0.0977202951908111,0.4536974132061004,0.3523773849010467,0.004120847210288,0.4475817382335663,0.354396790266037,-0.1575029790401458,0.4683933854103088,0.4039031267166137,-0.0489936619997024,0.4660381972789764,0.4030175507068634,-0.0958050414919853,0.4163728058338165,0.4482297599315643,0.0923179313540458,0.3923317492008209,0.4674570262432098,-0.2270311713218689,0.4221271276473999,0.6057711839675903,0.0933994501829147,0.3808642327785492,0.6777948141098022,-0.1816977113485336,0.4791714251041412,0.6141745448112488,-0.0461899638175964,0.4697692692279815,0.7047061920166016,-0.0300054438412189,0.5071236491203308,0.6152623891830444,-0.0678087100386619,0.4894073605537414,0.7190614342689514,-0.0428027287125587,0.5168837308883667,0.5868546366691589,-0.0904012098908424,0.487362653017044,0.6896088719367981,-0.0409458614885807,0.5030202865600586,0.5880158543586731,-0.0623697377741336,0.4817491769790649,0.6759131550788879,-0.0258594285696744,0.3890212178230285,0.708116888999939,0.0959263667464256,0.3669609427452087,0.765938401222229,-0.0955978855490684,0.5160310864448547,0.708004891872406,0.1868294030427932,0.5207253694534302,0.8282965421676636,-0.1399260014295578,0.4260063767433166,0.8138231635093689,0.2753052115440368,0.4127253293991089,0.8532378077507019,0.0939568132162094,0.4044974446296692,0.817200243473053,0.2840343415737152,0.3776501715183258,0.8169065713882446,0.1264992207288742,0.427971750497818,0.8567801117897034,0.3245863318443298,0.4168168604373932,0.8882851004600525,0.2155761420726776,dataset\external_videos\incorrect\P01_incorrect_005.mp4,1932,64.482442,2.0,29.96164451736091,P01,unknown,external_video,1,0.22458182,0,false_negative
0.4779389500617981,0.3876563608646393,-0.0766681358218193,0.4755460619926452,0.3609175086021423,-0.0622240230441093,0.474537044763565,0.3591512441635132,-0.0623434223234653,0.4732430279254913,0.3570794761180877,-0.0624502301216125,0.4736935496330261,0.3606196641921997,-0.0984811410307884,0.4714369177818298,0.3588370680809021,-0.0985697358846664,0.4687201678752899,0.3567953705787658,-0.0986145809292793,0.4536809623241424,0.3524068593978882,0.0033902651630342,0.4476292431354522,0.3546096384525299,-0.1578929275274276,0.4682475924491882,0.4041583240032196,-0.0499040558934211,0.4659423530101776,0.4033321440219879,-0.0965868756175041,0.4165022075176239,0.4478947222232818,0.0912870690226554,0.3923538029193878,0.4682876169681549,-0.2272863388061523,0.414298415184021,0.60683274269104,0.0935413688421249,0.3804133832454681,0.6776484251022339,-0.1820559948682785,0.4785744845867157,0.6188992261886597,-0.0472981482744216,0.4699953496456146,0.6977885961532593,-0.0336301103234291,0.50566565990448,0.6213475465774536,-0.0686808377504348,0.4895651936531067,0.7143456935882568,-0.046975553035736,0.515986979007721,0.591830313205719,-0.0941388309001922,0.4878107011318207,0.6863160133361816,-0.0441109761595726,0.4993535280227661,0.6078110933303833,-0.0645234808325767,0.4799128770828247,0.6746914982795715,-0.0289625283330678,0.3891153037548065,0.7078845500946045,0.0958916395902633,0.3669107556343078,0.7659224271774292,-0.0955613851547241,0.5164865255355835,0.7098907232284546,0.1897257715463638,0.5204957723617554,0.8283007740974426,-0.1393183916807174,0.4259468615055084,0.8126505017280579,0.2789808809757232,0.411691278219223,0.8532513976097107,0.096582181751728,0.4044358134269714,0.8146674633026123,0.2871993482112884,0.3761461973190307,0.8172527551651001,0.1289087831974029,0.4274627864360809,0.855862021446228,0.3273505270481109,0.4149917364120483,0.8875748515129089,0.2173784226179123,dataset\external_videos\incorrect\P01_incorrect_005.mp4,1946,64.949706,2.0,29.96164451736091,P01,unknown,external_video,1,0.2302665,0,false_negative
0.4779580533504486,0.3890359103679657,-0.0824098363518714,0.4756440222263336,0.3620014190673828,-0.0674977749586105,0.4746389985084533,0.3601543605327606,-0.0676163136959075,0.4733696579933166,0.3580257296562195,-0.0677148923277854,0.4737581610679626,0.3615792095661163,-0.1037471517920494,0.4715244472026825,0.3596478402614593,-0.1038316562771797,0.468833714723587,0.3574459850788116,-0.1038655862212181,0.4537211954593658,0.3527693450450897,-0.0011495843064039,0.4476514160633087,0.3548286855220794,-0.1624591797590255,0.4682567417621612,0.4051630795001983,-0.055212166160345,0.4659546911716461,0.4044168293476105,-0.1019115597009658,0.4168829917907715,0.4477760791778564,0.0865406319499015,0.3921442329883575,0.4692694246768951,-0.229708194732666,0.4108440279960632,0.6091904044151306,0.0935209766030311,0.3798370361328125,0.6781118512153625,-0.1855572015047073,0.4754894375801086,0.6364129185676575,-0.0476231053471565,0.469287246465683,0.6982433199882507,-0.0472828485071659,0.499505341053009,0.6446001529693604,-0.0687495097517967,0.4774037897586822,0.7260785698890686,-0.0637330040335655,0.5077170729637146,0.6435151100158691,-0.0944362878799438,0.4820531606674194,0.6993642449378967,-0.0610501840710639,0.4962010085582733,0.6448042988777161,-0.0647639408707618,0.4733837842941284,0.6962333917617798,-0.0431767143309116,0.3891884386539459,0.7077968120574951,0.0958093926310539,0.3669339716434479,0.7659032344818115,-0.0954778343439102,0.5164658427238464,0.7103965878486633,0.1976096481084823,0.5204963088035583,0.8285971283912659,-0.1351068764925003,0.4258782565593719,0.8111432194709778,0.2899284064769745,0.41143798828125,0.8524236679077148,0.1089166849851608,0.4044594168663025,0.812770426273346,0.297680526971817,0.3788135349750519,0.8174117207527161,0.1413810849189758,0.4272704124450683,0.8520382046699524,0.3398292362689972,0.4134712815284729,0.8837010264396667,0.2312731891870498,dataset\external_videos\incorrect\P01_incorrect_005.mp4,1960,65.41697,2.0,29.96164451736091,P01,unknown,external_video,1,0.36119363,0,false_negative
0.4779049158096313,0.3895140290260315,-0.0784743055701255,0.4756484031677246,0.3623572885990143,-0.0640238597989082,0.4746429622173309,0.360475093126297,-0.0641297549009323,0.4733740091323852,0.3583254516124725,-0.0642095506191253,0.4737509191036224,0.3619486093521118,-0.1006368771195411,0.4715173542499542,0.3599864840507507,-0.1007300838828086,0.4688396453857422,0.3577829003334045,-0.1007682457566261,0.453692227602005,0.3529715836048126,0.0020682166796177,0.4476786255836487,0.3551671504974365,-0.1600633412599563,0.4682053923606872,0.4055239260196686,-0.0512346215546131,0.4658880531787872,0.4048331677913666,-0.0981877148151397,0.417623370885849,0.447768896818161,0.0906602516770362,0.3919630646705627,0.469948947429657,-0.2280767261981964,0.4173397421836853,0.606696605682373,0.0938939973711967,0.3799563348293304,0.6780232787132263,-0.1813394576311111,0.4757075905799866,0.6335956454277039,-0.0618832185864448,0.4746656715869903,0.6482459902763367,-0.0177170075476169,0.500377893447876,0.6388598680496216,-0.0821655765175819,0.5010423064231873,0.6340227127075195,-0.0268605407327413,0.507960319519043,0.6320177316665649,-0.1073762699961662,0.5123367309570312,0.5939570665359497,-0.021792808547616,0.4964022636413574,0.6284101605415344,-0.0791147500276565,0.4895004034042358,0.6278600692749023,-0.0112365959212183,0.3896942138671875,0.7075986862182617,0.0962078347802162,0.3669425249099731,0.7658142447471619,-0.0958790332078933,0.5172625184059143,0.7103456854820251,0.195497915148735,0.5205923318862915,0.8285751342773438,-0.1351922154426574,0.4258236289024353,0.8082799911499023,0.2860421240329742,0.4108330309391022,0.850875735282898,0.105990819633007,0.4044417440891266,0.8093075156211853,0.2934633195400238,0.3771196901798248,0.817194938659668,0.1380911022424698,0.4271812736988067,0.8492946028709412,0.3325094878673553,0.4123553931713104,0.8817413449287415,0.2280608564615249,dataset\external_videos\incorrect\P01_incorrect_005.mp4,1974,65.884234,2.0,29.96164451736091,P01,unknown,external_video,1,0.27475485,0,false_negative
0.477849930524826,0.3895576298236847,-0.0763783305883407,0.4756589233875274,0.3623670637607574,-0.061790470033884,0.4746534526348114,0.3604996800422668,-0.0618935339152812,0.4733834564685821,0.3583681583404541,-0.0619785115122795,0.4737604260444641,0.361951619386673,-0.0988612994551658,0.471530556678772,0.3599919974803924,-0.0989516675472259,0.4688551723957062,0.3577886819839477,-0.0989955589175224,0.4537029266357422,0.35299152135849,0.0050651933997869,0.4477068185806274,0.355197012424469,-0.1589579284191131,0.4681472778320312,0.4055571258068084,-0.0488791689276695,0.4658131599426269,0.4048474729061126,-0.0963871628046035,0.4176662862300873,0.4477635622024536,0.0949500501155853,0.3919828534126282,0.4694876074790954,-0.2280933409929275,0.4211091995239258,0.6059249043464661,0.0934047400951385,0.3804740011692047,0.6779975891113281,-0.1814404875040054,0.4772363007068634,0.633301854133606,-0.0699027255177497,0.476563423871994,0.6468770503997803,-0.0168387424200773,0.5071324706077576,0.6259992122650146,-0.0912476032972335,0.5004439353942871,0.6535472869873047,-0.0261906664818525,0.5128434896469116,0.6066961884498596,-0.1140449866652488,0.5123578906059265,0.6076610684394836,-0.0222309101372957,0.4987275004386902,0.6147689819335938,-0.0865431874990463,0.4965124130249023,0.6152170300483704,-0.010865805670619,0.3897862136363983,0.7075960040092468,0.0973408073186874,0.3669598400592804,0.765784502029419,-0.0970307812094688,0.5177870392799377,0.7097395658493042,0.1924944519996643,0.5211334824562073,0.8254900574684143,-0.1376616060733795,0.4258477389812469,0.8083440661430359,0.2827661335468292,0.4103012979030609,0.8509728908538818,0.0990480333566665,0.4044348895549774,0.8094844222068787,0.2903929352760315,0.3754727244377136,0.8172834515571594,0.1309902369976043,0.4269376993179321,0.8500112295150757,0.3290724456310272,0.4115590751171112,0.8825958967208862,0.2192474752664566,dataset\external_videos\incorrect\P01_incorrect_005.mp4,1988,66.351498,2.0,29.96164451736091,P01,unknown,external_video,1,0.23194933,0,false_negative
0.4774018228054046,0.3972199261188507,-0.0757844224572181,0.4756722152233124,0.3730522096157074,-0.0616407245397567,0.4746585190296173,0.3709089159965515,-0.0617433153092861,0.4733918905258178,0.3683821558952331,-0.0618254132568836,0.473789632320404,0.3722862601280212,-0.098814383149147,0.4715539515018463,0.3697438538074493,-0.0989050418138504,0.4688954353332519,0.3668621778488159,-0.0989476069808006,0.4537113904953003,0.3588702976703644,0.0049103959463536,0.4477379024028778,0.3587777018547058,-0.1598842889070511,0.4666151404380798,0.4125994443893432,-0.0484117828309536,0.4645676016807556,0.4117836952209472,-0.0960989668965339,0.4176529943943023,0.4477673172950744,0.0943946167826652,0.3914901912212372,0.474313735961914,-0.2272219806909561,0.4215198159217834,0.6055576801300049,0.093826338648796,0.3819397985935211,0.6822924017906189,-0.1807422786951065,0.4799174666404724,0.6220759749412537,-0.0719720050692558,0.4827886819839477,0.6202700734138489,-0.0171319786459207,0.5082995295524597,0.6175830364227295,-0.0936291590332984,0.5104480385780334,0.6165584325790405,-0.0265272799879312,0.5151245594024658,0.5944193601608276,-0.1168526858091354,0.5183444023132324,0.5833590626716614,-0.0206421595066785,0.5022356510162354,0.5956509709358215,-0.0886015444993972,0.5054188370704651,0.5838389992713928,-0.0103847682476043,0.3897896111011505,0.7081066966056824,0.0975602939724922,0.367179661989212,0.7675644159317017,-0.0972320362925529,0.5177129507064819,0.7126117944717407,0.1937154680490493,0.521366536617279,0.8261401057243347,-0.1348957270383834,0.4235348999500274,0.8144783973693848,0.2950102388858795,0.4103384613990783,0.8581656813621521,0.1000077649950981,0.4008034467697143,0.8161110281944275,0.3042914271354675,0.3770729899406433,0.8223212361335754,0.1320720463991165,0.4241171479225158,0.8602315783500671,0.3415054976940155,0.411606878042221,0.8925199508666992,0.2195006906986236,dataset\external_videos\incorrect\P01_incorrect_005.mp4,2002,66.818762,2.0,29.96164451736091,P01,unknown,external_video,1,0.22013633,0,false_negative
0.4770484566688537,0.4120239317417145,-0.0727937892079353,0.4763752520084381,0.3909020125865936,-0.0594092272222042,0.475347638130188,0.3889077603816986,-0.0595166869461536,0.4740104675292969,0.3865411281585693,-0.0595945306122303,0.4747346639633178,0.3893968462944031,-0.0967406705021858,0.4727751612663269,0.3866577744483948,-0.0968365520238876,0.4703569710254669,0.3834826350212097,-0.096874214708805,0.45395228266716,0.3724959194660187,0.0048529109917581,0.4492529332637787,0.3693947196006775,-0.1605713814496994,0.4646514654159546,0.4261332750320434,-0.0465779677033424,0.4632159471511841,0.4245420098304748,-0.0945885404944419,0.4143062233924866,0.4477686583995819,0.0908523648977279,0.3904966413974762,0.4743782877922058,-0.2268102169036865,0.4194564819335937,0.605729877948761,0.0940146148204803,0.3799657225608825,0.6821839809417725,-0.183886781334877,0.4793187379837036,0.6226445436477661,-0.0595211274921894,0.4807665646076202,0.6269693970680237,-0.041035059839487,0.5072154402732849,0.6187634468078613,-0.0791581943631172,0.5065838694572449,0.6193220615386963,-0.0552579872310161,0.5149480700492859,0.5944252610206604,-0.1054562255740165,0.5132980346679688,0.5967885255813599,-0.0446241088211536,0.5021960735321045,0.5957070589065552,-0.0767340362071991,0.5008912682533264,0.6038194894790649,-0.0333954207599163,0.3881922960281372,0.7103419303894043,0.0975345000624656,0.3665798902511596,0.7690680027008057,-0.0972019433975219,0.5122058987617493,0.7253749370574951,0.2067970335483551,0.5209366083145142,0.8293200731277466,-0.1278799921274185,0.4147220253944397,0.8189705014228821,0.3215936124324798,0.407007098197937,0.8585597276687622,0.1038421690464019,0.3925962150096893,0.8185784816741943,0.3317436575889587,0.3763547241687774,0.8220381736755371,0.1352511048316955,0.409474104642868,0.8631038665771484,0.3727163970470428,0.4056659638881683,0.8914418816566467,0.222090408205986,dataset\external_videos\incorrect\P01_incorrect_005.mp4,2016,67.286026,2.0,29.96164451736091,P01,unknown,external_video,1,0.36833268,0,false_negative
0.4732264578342438,0.4158689677715301,-0.0911644995212555,0.4758822619915008,0.3935046792030334,-0.0791631862521171,0.4748241603374481,0.3914952576160431,-0.0792717859148979,0.473549872636795,0.389251708984375,-0.0793582201004028,0.4744639098644256,0.3921339213848114,-0.1164676770567894,0.4726255536079407,0.3894540667533874,-0.1165480613708496,0.4705038666725158,0.3865333497524261,-0.1165606155991554,0.4536042809486389,0.3763622641563415,-0.019449358806014,0.4490512013435364,0.3731619417667389,-0.1848466992378235,0.4603323340415954,0.4305315017700195,-0.0652365162968635,0.4588894546031952,0.4291176795959472,-0.1134849488735199,0.4124473333358764,0.4470658302307129,0.0616594888269901,0.3860523998737335,0.4781967103481293,-0.2436536103487014,0.4175758361816406,0.6014112830162048,0.0725742280483245,0.3735214173793793,0.6958913207054138,-0.2026522606611251,0.4811930060386657,0.613800585269928,-0.076829195022583,0.4719497561454773,0.6920440196990967,-0.08307346701622,0.5060840845108032,0.6128872036933899,-0.0991178750991821,0.4881083071231842,0.7015632390975952,-0.1028258800506591,0.5140733122825623,0.5890740156173706,-0.1276717334985733,0.4890360534191131,0.673064112663269,-0.0949151739478111,0.5006158947944641,0.5984389781951904,-0.0946965366601944,0.4795900285243988,0.6673434376716614,-0.0773628503084182,0.3885112702846527,0.7110674381256104,0.0948048904538154,0.3671936094760895,0.769665002822876,-0.0944236889481544,0.5124437808990479,0.7358273267745972,0.2103601992130279,0.5208351016044617,0.8364869952201843,-0.1257718056440353,0.4059256613254547,0.8331022262573242,0.3182765245437622,0.3999194502830505,0.8752782344818115,0.0912536084651947,0.3833226859569549,0.8253346681594849,0.3284221291542053,0.3697988092899322,0.8251582384109497,0.1202298402786254,0.3934447467327118,0.8790683150291443,0.3718597292900085,0.375717431306839,0.8707523345947266,0.2080494612455368,dataset\external_videos\incorrect\P01_incorrect_005.mp4,2072,69.155083,2.0,29.96164451736091,P01,unknown,external_video,1,0.42855036,0,false_negative
0.4723663628101349,0.4131558537483215,-0.0802453532814979,0.4740413725376129,0.3908154666423797,-0.0674786865711212,0.4730792641639709,0.3889219164848327,-0.0676005408167839,0.4719228744506836,0.386688619852066,-0.0676935166120529,0.472425103187561,0.3896429538726806,-0.1038908436894416,0.4704462885856628,0.3869694769382477,-0.1039427369832992,0.4682192206382751,0.3839458525180816,-0.1039313599467277,0.4520568251609802,0.37446129322052,-0.0089955432340502,0.4466339647769928,0.3714718818664551,-0.1708269566297531,0.4601480066776275,0.4286846220493316,-0.0550753287971019,0.458455890417099,0.4276638031005859,-0.1022074148058891,0.4104997813701629,0.446885198354721,0.0618798360228538,0.3854650557041168,0.4780271053314209,-0.2253048419952392,0.4175457060337066,0.6010180115699768,0.0948921367526054,0.3744145333766937,0.6946146488189697,-0.1965232640504837,0.4811386466026306,0.6144882440567017,-0.0382152684032917,0.4749859273433685,0.6543093919754028,-0.078681007027626,0.506168007850647,0.6127175688743591,-0.0563216805458068,0.5018260478973389,0.6587399244308472,-0.0997088104486465,0.5141610503196716,0.5891387462615967,-0.0873283371329307,0.5049394965171814,0.62098628282547,-0.0896937474608421,0.5006863474845886,0.5979788899421692,-0.0561835840344429,0.4955129027366638,0.6205704212188721,-0.072633184492588,0.3885315954685211,0.7112748026847839,0.0940970331430435,0.3672509789466858,0.7703971266746521,-0.093725636601448,0.5125154256820679,0.7352504730224609,0.2131757140159607,0.5208584666252136,0.8381205201148987,-0.1253019571304321,0.4081336855888366,0.8221315145492554,0.3170699775218963,0.4002044796943664,0.8623150587081909,0.107388786971569,0.3861071467399597,0.8163089752197266,0.3260607123374939,0.3703516721725464,0.835286021232605,0.1384414285421371,0.3989763855934143,0.860453724861145,0.3735299110412597,0.3725713789463043,0.8513950705528259,0.238425463438034,dataset\external_videos\incorrect\P01_incorrect_005.mp4,2086,69.622347,2.0,29.96164451736091,P01,unknown,external_video,1,0.09214462,0,false_negative
0.4706371426582336,0.3960628509521484,-0.0805592685937881,0.4708231985569,0.3717249035835266,-0.068095751106739,0.4701061546802521,0.370235800743103,-0.0682147666811943,0.4691320061683655,0.3684466779232025,-0.0683203041553497,0.4682814478874206,0.371006965637207,-0.1056437492370605,0.4657039642333984,0.3690577149391174,-0.1056944578886032,0.4625023305416107,0.3666985332965851,-0.1056854203343391,0.4491329193115234,0.3632500469684601,-0.0088236387819051,0.4410816133022308,0.36189866065979,-0.1733909547328949,0.4601885974407196,0.4138061702251434,-0.0550537928938865,0.4578462541103363,0.4125874042510986,-0.1023904010653495,0.4106254279613495,0.4469128251075744,0.0789159312844276,0.385531336069107,0.4778759479522705,-0.2260480672121048,0.4175944328308105,0.600830614566803,0.113179787993431,0.3955025672912597,0.6751031875610352,-0.1934066861867904,0.4867530763149261,0.5844793915748596,-0.0238780248910188,0.4787587821483612,0.6181203126907349,-0.0418413169682025,0.5117674469947815,0.5656503438949585,-0.045421227812767,0.5038617253303528,0.6126782894134521,-0.0517233721911907,0.5141780972480774,0.5426304340362549,-0.0649230107665062,0.5104274749755859,0.5656876564025879,-0.0481410585343837,0.5025358200073242,0.5477303862571716,-0.0378991290926933,0.4997037649154663,0.5809367895126343,-0.0359501987695694,0.3885484337806701,0.707068145275116,0.1006324291229248,0.3685772716999054,0.7691903710365295,-0.1001808121800422,0.5166263580322266,0.7050114274024963,0.1964139491319656,0.5212697982788086,0.8378351330757141,-0.1243569701910018,0.4312078654766083,0.8357571959495544,0.3103667497634887,0.4464048445224762,0.9243241548538208,0.0872298702597618,0.4055239558219909,0.8436804413795471,0.3238252103328705,0.4161942899227142,0.92808598279953,0.1172757446765899,0.4467569291591644,0.8997634053230286,0.3599947094917297,0.4718879163265228,0.9810498356819152,0.1872126460075378,dataset\external_videos\incorrect\P01_incorrect_005.mp4,2100,70.089611,2.0,29.96164451736091,P01,unknown,external_video,1,0.113068044,0,false_negative
0.4708819389343261,0.3562510907649994,-0.0696609914302825,0.4704817533493042,0.3324611485004425,-0.0593702383339405,0.4697044789791107,0.3315300941467285,-0.0595062896609306,0.4686739146709442,0.330615758895874,-0.0596590265631675,0.4678526818752289,0.3322233259677887,-0.0983063727617263,0.4650861322879791,0.3310716450214386,-0.0983347445726394,0.4617007076740265,0.3299899697303772,-0.0983032286167144,0.4487797319889068,0.3355253934860229,0.0038301374297589,0.4401810765266418,0.3382459282875061,-0.1650126427412033,0.4647607803344726,0.3786814510822296,-0.0414038710296154,0.4611174166202545,0.3787753283977508,-0.0902117788791656,0.4162120223045349,0.4406230747699737,0.1194739788770675,0.4006387591361999,0.470922589302063,-0.2293424010276794,0.4906667172908783,0.5454772710800171,0.1149242743849754,0.4941782057285309,0.5888468623161316,-0.1871925890445709,0.5042320489883423,0.4459652900695801,-0.0324946008622646,0.503102719783783,0.4439788460731506,0.0437727011740207,0.5113770961761475,0.4081955850124359,-0.0533041544258594,0.5068123936653137,0.4074630737304687,0.0425396487116813,0.4962437748908996,0.3990241587162018,-0.0476738438010215,0.5024088621139526,0.4017133116722107,0.0357006825506687,0.4913336336612701,0.4157529473304748,-0.0382448174059391,0.4984860420227051,0.414397120475769,0.04728789255023,0.3947053551673889,0.7068554759025574,0.1141474470496177,0.3780697286128998,0.7613901495933533,-0.1137760356068611,0.5149213075637817,0.7070348858833313,0.1890471279621124,0.5241535902023315,0.8407413959503174,-0.1503803580999374,0.4349174499511719,0.8483104109764099,0.2828916609287262,0.4455232322216034,0.9223623871803284,0.0555281117558479,0.4139246344566345,0.8604965209960938,0.2933115065097809,0.4186328649520874,0.9224686622619628,0.0850194543600082,0.4454783201217651,0.9014613628387452,0.3426043093204498,0.4623917043209076,0.9621487259864808,0.1657535135746002,dataset\external_videos\incorrect\P01_incorrect_005.mp4,2114,70.556875,2.0,29.96164451736091,P01,unknown,external_video,1,0.042220447,0,false_negative
0.4856421053409576,0.3498598635196686,-0.070497877895832,0.4812825918197632,0.326953113079071,-0.0611526630818843,0.4802859723567962,0.3264188766479492,-0.0612910389900207,0.4789979159832001,0.3259671330451965,-0.0614767149090766,0.4785113930702209,0.3266597986221313,-0.1004879623651504,0.4759531021118164,0.3259378969669342,-0.1004891097545623,0.472831517457962,0.3252730369567871,-0.1004234477877616,0.460641086101532,0.334549218416214,0.0011396474437788,0.4524441957473755,0.3356842994689941,-0.1686025410890579,0.4796085953712463,0.3726071715354919,-0.042838554829359,0.4762722551822662,0.3723599016666412,-0.0910663977265358,0.423734962940216,0.4385962188243866,0.1161454021930694,0.4242186546325683,0.4672597646713257,-0.2465040683746338,0.5094283819198608,0.5010560154914856,0.1394272297620773,0.5133788585662842,0.580862283706665,-0.202673465013504,0.512220025062561,0.4285107851028442,0.0399480499327182,0.5180280208587646,0.4366019964218139,0.0254486799240112,0.5115044116973877,0.4069026112556457,0.0310454200953245,0.5145035982131958,0.4100456535816192,0.0203607212752103,0.4941257834434509,0.4008150100708008,0.0385783910751342,0.5022285580635071,0.4070591032505035,0.0153934489935636,0.4908693432807922,0.4074766039848327,0.0379894636571407,0.4991687536239624,0.4165197908878326,0.0286049339920282,0.3964170515537262,0.7088399529457092,0.1177392452955246,0.3821178376674652,0.7598708271980286,-0.1173851191997528,0.5120401382446289,0.7078635692596436,0.2044098228216171,0.5271666646003723,0.8515018820762634,-0.1615504324436187,0.4347804486751556,0.8444666266441345,0.2882968783378601,0.4366548955440521,0.907945990562439,0.0468766912817955,0.4002213180065155,0.8567884564399719,0.2987994253635406,0.4135904014110565,0.8912220001220703,0.0762852430343627,0.440435528755188,0.8953776359558105,0.356770783662796,0.4453324675559997,0.942785620689392,0.1660051345825195,dataset\external_videos\incorrect\P01_incorrect_005.mp4,2128,71.024139,2.0,29.96164451736091,P01,unknown,external_video,1,0.04070177,0,false_negative
0.4926223456859588,0.3516469597816467,-0.0607074759900569,0.4873396456241607,0.3304119408130646,-0.0492728948593139,0.4862998425960541,0.3297179937362671,-0.049369677901268,0.4850094020366668,0.3290908932685852,-0.0495024882256984,0.4848648607730865,0.330368310213089,-0.0891711041331291,0.4823182821273803,0.3297095894813537,-0.0891941115260124,0.4793241322040558,0.3291482925415039,-0.0891081616282463,0.4667953550815582,0.3368871510028839,0.0189567003399133,0.4598890542984009,0.3384922742843628,-0.1550536751747131,0.4870367050170898,0.3739977180957794,-0.0319208055734634,0.483502060174942,0.3739641010761261,-0.0821177810430526,0.4301681220531463,0.4383770227432251,0.1315043419599533,0.426472932100296,0.4676189720630646,-0.243802934885025,0.5118613243103027,0.4983770251274109,0.1250463277101516,0.5133816003799438,0.5838707089424133,-0.1843243539333343,0.5087311267852783,0.4237008690834045,0.0127198370173573,0.5105106234550476,0.4293568134307861,0.0841061174869537,0.5092183351516724,0.3974729180335998,0.0253167580813169,0.5117471218109131,0.4020933508872986,0.0843045189976692,0.4900512993335724,0.3907449245452881,-0.0251749884337186,0.4936297833919525,0.3987484276294708,0.0745608061552047,0.4883579611778259,0.4011637270450592,0.000452232081443,0.4949047863483429,0.4093077182769775,0.0863661393523216,0.3962779939174652,0.7106225490570068,0.118373267352581,0.3806584179401397,0.7587999701499939,-0.1181170791387558,0.5122694969177246,0.7159625291824341,0.2041534334421157,0.5268936157226562,0.8508241176605225,-0.1662210822105407,0.4217672944068908,0.843904435634613,0.2520924806594848,0.4217751622200012,0.9015902280807496,0.0163915120065212,0.3881025314331054,0.843174159526825,0.2550635039806366,0.3921089172363281,0.868767499923706,0.0427423119544982,0.4127144813537597,0.8923806548118591,0.3195431530475616,0.4169254601001739,0.9339194893836976,0.1390227675437927,dataset\external_videos\incorrect\P01_incorrect_005.mp4,2142,71.491403,2.0,29.96164451736091,P01,unknown,external_video,1,0.1235659,0,false_negative
0.4988061189651489,0.3572704493999481,-0.0543661713600158,0.4927955567836761,0.3358114361763,-0.042317546904087,0.491710752248764,0.3349381983280182,-0.0424236133694648,0.4903396368026733,0.3340881764888763,-0.0425564385950565,0.4904937148094177,0.3363173007965088,-0.0812747925519943,0.4880063235759735,0.335724800825119,-0.0813368111848831,0.4850857555866241,0.3350683450698852,-0.0812931358814239,0.4726192653179168,0.3399414122104645,0.0253322534263134,0.466110497713089,0.3389186859130859,-0.1447149366140365,0.4939219653606415,0.3798233568668365,-0.0261526368558406,0.4905693829059601,0.3798148930072784,-0.0755055770277977,0.4373902976512909,0.4386532604694366,0.130391240119934,0.4286781549453735,0.4677241742610931,-0.2271356582641601,0.5108410716056824,0.5230335593223572,0.100365325808525,0.5158845782279968,0.5869830846786499,-0.1712113916873932,0.5098827481269836,0.432282418012619,-0.0598629526793956,0.5120334625244141,0.430902361869812,0.0804331377148628,0.5096317529678345,0.4009742438793182,-0.0719528049230575,0.5101202726364136,0.4003739058971405,0.081835962831974,0.4908462762832641,0.394225001335144,-0.0570200346410274,0.4938746690750122,0.3957498073577881,0.0727480724453926,0.4888603985309601,0.4092017710208893,-0.0594824738800525,0.4944245219230652,0.4065145850181579,0.0830139443278312,0.3979822993278503,0.7105438113212585,0.115444429218769,0.3801016807556152,0.7548407316207886,-0.1151365414261818,0.5092936158180237,0.7221646904945374,0.1965450495481491,0.523883581161499,0.8388835191726685,-0.1603598743677139,0.4099803864955902,0.8389879465103149,0.2452253550291061,0.4017149209976196,0.8931949138641357,0.0165700297802686,0.3853532373905182,0.8288789987564087,0.2494519054889679,0.3724783062934875,0.8506483435630798,0.0419227518141269,0.3997644186019897,0.8815203905105591,0.3127135038375854,0.3957890272140503,0.9192502498626708,0.1283204853534698,dataset\external_videos\incorrect\P01_incorrect_005.mp4,2156,71.958667,2.0,29.96164451736091,P01,unknown,external_video,1,0.30299568,0,false_negative
0.4996801018714905,0.3607910573482513,-0.0445397496223449,0.4944478869438171,0.3382928669452667,-0.0323249325156211,0.493510752916336,0.3373584747314453,-0.0324263609945774,0.4922557473182678,0.3364470899105072,-0.0325612798333168,0.4914331138134002,0.3389782905578613,-0.0707300156354904,0.4886654615402221,0.3384278416633606,-0.0707697346806526,0.4855602979660034,0.3378148972988128,-0.0707238465547561,0.4748491644859314,0.3419355154037475,0.0364798679947853,0.4669298231601715,0.3397806882858276,-0.1310262978076934,0.4944256842136383,0.3833832144737243,-0.0157093778252601,0.4905552864074707,0.3832320272922516,-0.0643686428666114,0.439353883266449,0.4388995170593261,0.1449881196022033,0.4282888174057007,0.4678113162517547,-0.2118777632713318,0.5105124115943909,0.5319531559944153,0.1062773913145065,0.5157234072685242,0.5857649445533752,-0.1538322418928146,0.5142233371734619,0.4423912465572357,-0.0536887496709823,0.5131401419639587,0.4378964304924011,0.1034278646111488,0.5122990012168884,0.4091852605342865,-0.0688271895051002,0.5099188089370728,0.4058601260185241,0.10842926800251,0.4935257136821747,0.4022185504436493,-0.0519321337342262,0.4940042495727539,0.4037742018699646,0.0993123352527618,0.4899366497993469,0.4158873260021209,-0.059016428887844,0.4948186874389648,0.4154017865657806,0.1066406965255737,0.3997629582881927,0.7104896903038025,0.1152293682098388,0.3804632425308227,0.7538140416145325,-0.114967830479145,0.5108647346496582,0.7348583936691284,0.1869195848703384,0.5238701701164246,0.8411601185798645,-0.1666425764560699,0.4115336835384369,0.8465168476104736,0.2384114414453506,0.4044671356678009,0.9016594886779784,0.0029993983916938,0.3879318833351135,0.8464131951332092,0.2431049048900604,0.3747608065605163,0.850591778755188,0.0286856032907962,0.4044922888278961,0.8951593637466431,0.3037585914134979,0.3994878232479095,0.9364614486694336,0.1168248355388641,dataset\external_videos\incorrect\P01_incorrect_005.mp4,2170,72.425931,2.0,29.96164451736091,P01,unknown,external_video,1,0.33284473,0,false_negative
0.5005988478660583,0.3622970581054687,-0.0516447685658931,0.494971364736557,0.3392409980297088,-0.0393126606941223,0.4939767122268677,0.3382109701633453,-0.0394153073430061,0.4926989376544952,0.3372195363044739,-0.0395430475473403,0.4919580221176147,0.3402716815471649,-0.0777518972754478,0.4890562295913696,0.3397944271564483,-0.0777993649244308,0.4856245815753937,0.3392279148101806,-0.0777667462825775,0.475119411945343,0.3430614471435547,0.0313112437725067,0.4668489396572113,0.3410919904708862,-0.1391787827014923,0.4951651394367218,0.3854049444198608,-0.0231493134051561,0.4911519587039947,0.3852033913135528,-0.0720791071653366,0.4403947293758392,0.439346045255661,0.1378444582223892,0.4282067418098449,0.4677282571792602,-0.2162144929170608,0.5136548280715942,0.5328952670097351,0.0892241522669792,0.5163233280181885,0.5848024487495422,-0.1613997817039489,0.5148279070854187,0.4385861754417419,-0.0963819101452827,0.5150931477546692,0.4390218555927276,0.0874068513512611,0.5122674107551575,0.4055680930614471,-0.1159029752016067,0.5112119913101196,0.4061681926250458,0.0886470153927803,0.4950893521308899,0.4014246761798858,-0.0977996364235878,0.4957779943943023,0.4037244319915771,0.0801953002810478,0.4904913008213043,0.4156683683395386,-0.0973692014813423,0.496181845664978,0.4152345359325409,0.0902433916926384,0.3993912637233734,0.7103337049484253,0.1140635311603546,0.3798845708370209,0.7516120672225952,-0.1138066053390502,0.5090033411979675,0.7344748973846436,0.1864110827445984,0.5235670804977417,0.8401843309402466,-0.1632091701030731,0.4038428962230682,0.8290748000144958,0.2281158566474914,0.3970739245414734,0.8897383809089661,-0.0099518336355686,0.3852582275867462,0.8292135000228882,0.2307353168725967,0.3691813051700592,0.841300368309021,0.0120517509058117,0.3911778628826141,0.8648159503936768,0.2916033864021301,0.3826608061790466,0.8868645429611206,0.0920445695519447,dataset\external_videos\incorrect\P01_incorrect_005.mp4,2184,72.893195,2.0,29.96164451736091,P01,unknown,external_video,1,0.38009763,0,false_negative
0.5002537965774536,0.3619702756404876,-0.054916325956583,0.4942034184932709,0.338834673166275,-0.042033851146698,0.4933080077171325,0.3378758728504181,-0.0421382673084735,0.4921380877494812,0.3369859755039215,-0.0422664545476436,0.4910923838615417,0.3402767181396484,-0.080667570233345,0.4881293177604675,0.3400301337242126,-0.0807221084833145,0.4848200380802154,0.3397167026996612,-0.0806916952133178,0.4748635590076446,0.3438592553138733,0.0321902185678482,0.466545432806015,0.341300368309021,-0.1385531425476074,0.4954188466072082,0.3859698474407196,-0.0257180221378803,0.4912712275981903,0.3859297335147857,-0.0749035775661468,0.4442165195941925,0.4399608373641968,0.1371235996484756,0.4293093383312225,0.4678435027599334,-0.211342379450798,0.5186997056007385,0.5401498079299927,0.0759434849023819,0.5163761377334595,0.5850342512130737,-0.1611044853925705,0.5170261263847351,0.4344927668571472,-0.1122938767075538,0.5142759680747986,0.4368062615394592,0.080153651535511,0.5127751231193542,0.4028125703334808,-0.1331929713487625,0.5114825367927551,0.4038414657115936,0.0819340944290161,0.4957178235054016,0.4006243646144867,-0.1131826341152191,0.4966953992843628,0.4022501707077026,0.0736155062913894,0.4925808012485504,0.4134580790996551,-0.1116038113832473,0.4966626763343811,0.4133194386959076,0.0830333158373832,0.4007280170917511,0.7074456214904785,0.1136947125196456,0.3795006871223449,0.7494921684265137,-0.1134659126400947,0.5048156976699829,0.7417768836021423,0.1871805787086486,0.5209664702415466,0.8391209244728088,-0.1605586558580398,0.4006886184215545,0.8225697875022888,0.2399391531944275,0.3876273334026336,0.8788855671882629,0.0002073827636195,0.3833844065666199,0.8211837410926819,0.2447538524866104,0.3615621030330658,0.8352345824241638,0.0229688715189695,0.3898153007030487,0.8561421036720276,0.3037284314632416,0.3678825199604034,0.8759462833404541,0.0966749191284179,dataset\external_videos\incorrect\P01_incorrect_005.mp4,2198,73.360459,2.0,29.96164451736091,P01,unknown,external_video,1,0.33204344,0,false_negative
0.4992752075195312,0.3618480563163757,-0.0685283690690994,0.4935632050037384,0.3389440774917602,-0.0564543642103672,0.4926849901676178,0.3381056785583496,-0.0565729849040508,0.4915386736392975,0.3373199105262756,-0.0567245408892631,0.4903725981712341,0.3401739597320556,-0.0918862447142601,0.487472265958786,0.3399800658226013,-0.0919385328888893,0.4842694103717804,0.3397451639175415,-0.0918979719281196,0.4738565981388092,0.3444063663482666,0.0148992519825696,0.4655194580554962,0.342732697725296,-0.1407683193683624,0.4932597577571869,0.3863762319087982,-0.0392916351556777,0.4893046617507934,0.386249840259552,-0.0840849801898002,0.443126231431961,0.4407093822956085,0.122033916413784,0.4287753999233246,0.4679270982742309,-0.2130846679210662,0.5177372097969055,0.5440153479576111,0.0831864029169082,0.5188440680503845,0.5853391885757446,-0.1645294576883316,0.5189924240112305,0.4357638657093048,-0.0615983344614505,0.5169898867607117,0.4349121749401092,0.0638133138418197,0.5131022930145264,0.4039863646030426,-0.0779961347579956,0.5140010714530945,0.4040329456329345,0.0628213435411453,0.495950311422348,0.4014313220977783,-0.059570986777544,0.4989194571971893,0.4029124975204468,0.0584333203732967,0.4945069253444671,0.4137661159038543,-0.059490468353033,0.4981675446033478,0.4131009876728058,0.0678175911307334,0.4003698229789734,0.7071953415870667,0.1105369627475738,0.3793121874332428,0.7501218318939209,-0.1103076040744781,0.5036109685897827,0.736579179763794,0.186762124300003,0.5207818150520325,0.8391045331954956,-0.1591556668281555,0.4030886888504028,0.8235429525375366,0.2471655458211898,0.3921033143997192,0.8792788982391357,0.0139123862609267,0.3851138651371002,0.8244186043739319,0.2527351975440979,0.3646341264247894,0.8368061184883118,0.0391135923564434,0.3913868963718414,0.8599286079406738,0.3102481961250305,0.3812511563301086,0.8787088394165039,0.118212029337883,dataset\external_videos\incorrect\P01_incorrect_005.mp4,2212,73.827723,2.0,29.96164451736091,P01,unknown,external_video,1,0.31182906,0,false_negative
0.5003851652145386,0.3622665703296661,-0.0670234411954879,0.4949212074279785,0.3396139442920685,-0.0555523112416267,0.4939383268356323,0.338761568069458,-0.0556749030947685,0.4926429986953735,0.3379726409912109,-0.055835623294115,0.4917756617069244,0.340724766254425,-0.0911925360560417,0.4887512922286987,0.3404948711395263,-0.0912476629018783,0.4854698479175567,0.3402065336704254,-0.0912037938833236,0.4739853739738464,0.3445879220962524,0.0149352420121431,0.4664198160171509,0.3431098759174347,-0.1427973806858062,0.4939249157905578,0.3877670168876648,-0.038368884474039,0.4899794459342956,0.3873823881149292,-0.0836354047060012,0.4436315298080444,0.440759927034378,0.1217109262943267,0.4291645884513855,0.4688777923583984,-0.2150088250637054,0.5190461874008179,0.5457617044448853,0.0920720621943473,0.5193438529968262,0.5849710702896118,-0.1657187789678573,0.5228563547134399,0.4345079064369201,-0.0403507351875305,0.5203737616539001,0.4370441138744354,0.0573872700333595,0.5202210545539856,0.4050287306308746,-0.055890753865242,0.5190665125846863,0.4072612822055816,0.0553532503545284,0.501349687576294,0.4027676284313202,-0.0410801768302917,0.5037956833839417,0.4056146144866943,0.0510405078530311,0.4992859959602356,0.4137603342533111,-0.0399146825075149,0.5016850829124451,0.4149844944477081,0.0611926801502704,0.4003631472587585,0.707210123538971,0.1104538664221763,0.3791605234146118,0.7510951161384583,-0.1102218478918075,0.5071278214454651,0.7358562350273132,0.1845491379499435,0.5204836130142212,0.8390934467315674,-0.1584532409906387,0.4049469232559204,0.8240993618965149,0.2449934780597686,0.3958031237125397,0.8848453760147095,0.0154829956591129,0.3858888447284698,0.8248191475868225,0.2504186928272247,0.3642145991325378,0.8378519415855408,0.0401534400880336,0.3957323729991913,0.857709527015686,0.3106796443462372,0.3866166174411773,0.9019603729248048,0.122249498963356,dataset\external_videos\incorrect\P01_incorrect_005.mp4,2226,74.294987,2.0,29.96164451736091,P01,unknown,external_video,1,0.33775392,0,false_negative
0.5017844438552856,0.36324143409729,-0.0605838894844055,0.4961234331130981,0.3398908972740173,-0.0473296828567981,0.4951648116111755,0.3390958607196808,-0.047465480864048,0.4938872158527374,0.3383199870586395,-0.0476235747337341,0.4929335713386535,0.3410868048667907,-0.0839196890592575,0.4898371994495392,0.3410351872444153,-0.083979919552803,0.4864630103111267,0.3409672975540161,-0.0839529931545257,0.4754610061645508,0.3457045257091522,0.0258653759956359,0.4674193263053894,0.3465995490550995,-0.1351580917835235,0.4958110451698303,0.389367014169693,-0.0304313320666551,0.491649329662323,0.3890619874000549,-0.0767619907855987,0.4464479088783264,0.4425554871559143,0.1312011480331421,0.4278642237186432,0.4688415229320526,-0.2028669565916061,0.5217483639717102,0.552125871181488,0.0922087356448173,0.5170078873634338,0.5858599543571472,-0.1612904071807861,0.522584855556488,0.4392175078392029,-0.0552806928753852,0.519004225730896,0.4424656927585602,0.0562380291521549,0.5193800330162048,0.407414048910141,-0.0734066218137741,0.51805180311203,0.4110596477985382,0.0556088536977767,0.5026728510856628,0.404501348733902,-0.0421457886695861,0.504316508769989,0.4088647365570068,0.0502407364547252,0.5008343458175659,0.4162295460700989,-0.0504446774721145,0.5020296573638916,0.4191022515296936,0.0596874207258224,0.4010650813579559,0.7067649960517883,0.1107330843806266,0.3784798681735992,0.7509135007858276,-0.1104943603277206,0.5068184733390808,0.7359737753868103,0.1779929101467132,0.5192062258720398,0.8389847278594971,-0.1609261333942413,0.405918687582016,0.8245824575424194,0.2438504844903946,0.39766326546669,0.8837003111839294,0.0186214204877614,0.3880659639835357,0.8253615498542786,0.2505089044570923,0.3650387823581695,0.8376255035400391,0.0440512932837009,0.4004618227481842,0.8601745963096619,0.3059309720993042,0.3870600163936615,0.9043466448783876,0.1229452192783355,dataset\external_videos\incorrect\P01_incorrect_005.mp4,2240,74.762251,2.0,29.96164451736091,P01,unknown,external_video,1,0.39592734,0,false_negative
