algorithm,dataset,accuracy,precision,recall,f1,macro_f1,mcc,roc_auc,pr_auc,train_seconds,predict_seconds,note
Random Forest,posture_external_test_2fps_with_metadata.csv,0.8703594578668238,0.8681204569055037,0.8998923573735199,0.8837209302325582,0.8686247793639488,0.7379645765595891,0.8846527964657337,0.8989095256156012,2.715,0.102,"trained on current train CSV, evaluated on external CSV"
SVM RBF,posture_external_test_2fps_with_metadata.csv,0.7990571596935769,0.9273255813953488,0.6867599569429494,0.7891156462585034,0.7986095957797863,0.6302293839091995,0.9196240357014712,0.9382432314660528,3.396,0.188,"trained on current train CSV, evaluated on external CSV"
HistGradientBoosting,posture_external_test_2fps_with_metadata.csv,0.7754861520329994,0.8269689737470167,0.7459634015069968,0.7843803056027164,0.7751034902322125,0.5546906341822204,0.89221441065662,0.9159296904377828,0.604,0.015,"trained on current train CSV, evaluated on external CSV"
ANN,posture_external_test_2fps_with_metadata.csv,0.7931644077784326,0.9459876543209876,0.6598493003229279,0.777425491439442,0.7921249636613831,0.6293279769008372,0.95045776148188,0.9574655388020088,,0.249,"loaded keras model, threshold=0.5"
Logistic Regression,posture_external_test_2fps_with_metadata.csv,0.7731290512669416,0.957912457912458,0.61248654467169,0.747209455022981,0.7707185703762687,0.6051825609422564,0.8299989347865089,0.8819520200922077,0.526,0.008,"trained on current train CSV, evaluated on external CSV"
KNN,posture_external_test_2fps_with_metadata.csv,0.7165586328815556,0.8236994219653179,0.6135629709364908,0.703269586674892,0.7159889952550997,0.4605595076669399,0.7709931153570148,0.7431034890427639,0.023,1.521,"trained on current train CSV, evaluated on external CSV"
Rule-based,posture_external_test_2fps_with_metadata.csv,0.567472009428403,0.5851528384279476,0.721205597416577,0.6460945033751205,0.5450169486572572,0.1091325600239455,,,,,interpretable ergonomic baseline
