view_angle,processed_frames,pose_detection_rate,mean_total_latency_ms,p50_total_latency_ms,p95_total_latency_ms,mean_estimated_fps,mean_mediapipe_latency_ms,mean_ann_latency_ms
front,52,1.0,35.31476923112328,31.653550002374686,38.80462500965222,28.316764395523485,24.712796152855915,8.711873075718849
side_30,120,1.0,35.670932498275455,33.46484999929089,43.08121998328715,28.03403023030996,25.184374998449737,8.495500831971489
side_90,120,1.0,34.084622499115845,32.11189998546615,38.94758999667828,29.3387435940046,23.98063833437239,8.246570831397548
